id;transfermarkt_id;equipo_id;foto_override;carpeta;nombre;equipo;anio;nacionalidad;continente;descripcion;tutorial;real_img;ingame_img;face_csv;visitas;trayectoria;palmares
xabi alonso-2026;63052;102;;xabi alonso-2026;Xabi Alonso;Chelsea;2026;España;Europa;Xabi Alonso se consolidó como técnico de élite con el Bayer Leverkusen invicto en Alemania, antes de dar el salto a Real Madrid con una idea moderna, flexible y muy trabajada.;;real.png;ingame.png;face.csv;0;2018/19:Real Madrid Infantil/Sub-13|01/07/2019 - 30/06/2022:Real Sociedad B|01/07/2022 - 04/10/2022:Sin equipo|05/10/2022 - 31/05/2025:Bayer Leverkusen|01/06/2025 - 12/01/2026:Real Madrid|13/01/2026 - 30/06/2026:Sin equipo|01/07/2026 - actual:Chelsea;3:Títulos como DT|1:Bundesliga|1:DFB-Pokal|1:Supercopa de Alemania
scaloni-2026;62271;50;;scaloni-2026;Lionel Scaloni;Argentina;2026;Argentina;Sudamérica;Lionel Scaloni transformó a la Selección Argentina en un equipo campeón, equilibrado y competitivo, coronando el ciclo con el Mundial 2022 y dos Copas América.;;real.png;ingame.png;face.csv;0;17/07/2018 - 30/11/2018:Argentina Sub-20|02/08/2018 - actual:Argentina;4:Títulos como DT|1:Mundial|2:Copa América|1:Finalissima
mourinho-2026;781;109;;mourinho-2026;José Mourinho;Real Madrid;2026;Portugal;Europa;José Mourinho es uno de los entrenadores más influyentes del fútbol moderno, campeón europeo con Porto, Inter y Manchester United y especialista en competir eliminatorias.;;real.png;ingame.png;face.csv;0;09/2000 - 12/2000:Benfica|12/2000 - 04/2001:Sin equipo|04/2001 - 01/2002:União de Leiria|01/2002 - 06/2004:Porto|07/2004 - 09/2007:Chelsea|09/2007 - 06/2008:Sin equipo|06/2008 - 06/2010:Inter|07/2010 - 06/2013:Real Madrid|07/2013 - 12/2015:Chelsea|12/2015 - 06/2016:Sin equipo|07/2016 - 12/2018:Manchester United|12/2018 - 11/2019:Sin equipo|11/2019 - 04/2021:Tottenham|04/2021 - 06/2021:Sin equipo|07/2021 - 16/01/2024:Roma|17/01/2024 - 30/06/2024:Sin equipo|01/07/2024 - 29/08/2025:Fenerbahçe|30/08/2025 - 17/09/2025:Sin equipo|18/09/2025 - 30/06/2026:Benfica|07/2026 - actual:Real Madrid;26:Títulos como DT|2:Champions League|2:Europa League|1:Conference League|8:Ligas nacionales
kompany-2026;69681;2293;;kompany-2026;Vincent Kompany;Bayern Munich;2026;Bélgica;Europa;Vincent Kompany trasladó una escuela de posesión, salida limpia y presión alta desde Anderlecht y Burnley hacia Bayern Munich, consolidándose como uno de los técnicos jóvenes más prometedores.;;real.png;ingame.png;face.csv;0;2019 - 30/06/2022:Anderlecht|01/07/2022 - 30/06/2024:Burnley|01/07/2024 - actual:Bayern Munich;3:Títulos como DT|2:Bundesliga|1:EFL Championship
guardiola-2026;5672;;;guardiola-2026;Pep Guardiola;Sin equipo;2026;España;Europa;Pep Guardiola redefinió el fútbol posicional moderno, construyendo ciclos dominantes en Barcelona, Bayern Munich y Manchester City con presión alta, control y superioridades constantes.;;real.png;ingame.png;face.csv;0;01/07/2007 - 30/06/2008:Barcelona B|01/07/2008 - 30/06/2012:Barcelona|01/07/2012 - 30/06/2013:Sin equipo / año sabático|01/07/2013 - 30/06/2016:Bayern Munich|01/07/2016 - 30/06/2026:Manchester City|01/07/2026 - actual:Sin equipo;39:Títulos como DT|3:Champions League|12:Ligas nacionales|2:Tripletes continentales|4:Mundial de Clubes
gallardo-2018;19885;51;;gallardo-2018;Marcelo Gallardo;Ecuador;2018;Argentina;Sudamérica;Marcelo Gallardo lideró a River Plate en una de sus etapas más exitosas, con la Copa Libertadores 2018 como logro emblemático.;;real.png;ingame.png;face.csv;0;01/07/2011 - 30/06/2012:Nacional|01/07/2012 - 05/06/2014:Sin equipo|06/06/2014 - 31/12/2022:River Plate|01/01/2023 - 17/11/2023:Sin equipo|18/11/2023 - 30/06/2024:Al-Ittihad|01/07/2024 - 04/08/2024:Sin equipo|05/08/2024 - 26/02/2026:River Plate|27/02/2026 - 12/09/2026:Sin equipo|13/09/2026 - actual:Ecuador;14:Títulos como DT|2:Copa Libertadores|1:Copa Sudamericana|3:Recopa Sudamericana|3:Copa Argentina
flick-2026;67;108;;flick-2026;Hansi Flick;Barcelona;2026;Alemania;Europa;Hansi Flick marcó una etapa demoledora en Bayern Munich con el sextete de 2020 y luego llevó a Barcelona hacia un fútbol más vertical, presionante y profundo.;;real.png;ingame.png;face.csv;0;01/07/1996 - 30/06/2000:Victoria Bammental|01/07/2000 - 19/11/2005:Hoffenheim|20/11/2005 - 31/07/2006:Sin equipo|01/08/2006 - 31/07/2014:Alemania:Ayudante|01/09/2014 - 16/01/2017:Alemania:Director deportivo|17/01/2017 - 30/06/2019:Sin equipo|01/07/2019 - 02/11/2019:Bayern Munich:Ayudante|03/11/2019 - 30/06/2021:Bayern Munich|01/08/2021 - 10/09/2023:Alemania|11/09/2023 - 30/06/2024:Sin equipo|01/07/2024 - actual:Barcelona;10:Títulos como DT|1:Champions League|2:Bundesliga|1:La Liga|1:Copa del Rey|1:Mundial de Clubes
coudet-2026;38808;;;coudet-2026;Eduardo Coudet;Sin equipo;2026;Argentina;Sudamérica;"Eduardo ""Chacho"" Coudet es un director técnico de perfil ofensivo, caracterizado por el protagonismo, la alta intensidad física y la presión asfixiante.";;real.png;ingame.png;face.csv;0;12/2014 - 05/2017:Rosario Central|05/2017 - 30/06/2017:Sin equipo|01/07/2017 - 30/11/2017:Tijuana|01/12/2017 - 31/12/2017:Sin equipo|01/01/2018 - 31/12/2019:Racing Club|01/01/2020 - 09/11/2020:Internacional|12/11/2020 - 02/11/2022:Celta de Vigo|03/11/2022 - 18/11/2022:Sin equipo|19/11/2022 - 11/06/2023:Atlético Mineiro|12/06/2023 - 19/07/2023:Sin equipo|20/07/2023 - 11/07/2024:Internacional|12/07/2024 - 01/12/2024:Sin equipo|02/12/2024 - 03/03/2026:Alavés|04/03/2026 - 27/08/2026:River Plate|28/08/2026 - actual:Sin equipo;3:Títulos como DT|1:Primera División Argentina|1:Trofeo de Campeones|1:Campeonato Mineiro
arteta-2026;47620;101;;arteta-2026;Mikel Arteta;Arsenal;2026;España;Europa;Mikel Arteta reconstruyó a Arsenal con una idea intensa, posicional y agresiva sin pelota, devolviendo al club a la pelea grande de la Premier League y la Champions League.;;real.png;ingame.png;face.csv;0;22/12/2019 - actual:Arsenal;3:Títulos como DT|1:FA Cup|2:Community Shield
arruabarrena-2026;17428;139;;arruabarrena-2026;Rodolfo Arruabarrena;Boca Juniors;2026;Argentina;Sudamérica;Rodolfo Arruabarrena construyó su carrera como DT entre Argentina, Uruguay y Medio Oriente, con una etapa fuerte en Boca Juniors y títulos en Boca, Al-Rayyan y Shabab Al Ahli.;;real.png;ingame.png;face.csv;0;05/01/2011 - 21/10/2012:Tigre|22/10/2012 - 25/03/2013:Sin equipo|26/03/2013 - 31/12/2013:Nacional|01/01/2014 - 28/08/2014:Sin equipo|29/08/2014 - 29/02/2016:Boca Juniors|01/03/2016 - 30/06/2016:Sin equipo|01/07/2016 - 30/06/2018:Al Wasl|01/07/2018 - 04/07/2018:Sin equipo|05/07/2018 - 08/10/2018:Al Rayyan|09/10/2018 - 10/10/2018:Sin equipo|11/10/2018 - 08/03/2020:Shabab Al-Ahli|09/03/2020 - 10/11/2020:Sin equipo|11/11/2020 - 29/06/2021:Pyramids|30/06/2021 - 12/02/2022:Sin equipo|13/02/2022 - 01/07/2023:Emiratos Árabes Unidos|02/07/2023 - 05/07/2024:Sin equipo|06/07/2024 - 09/02/2025:Al-Taawoun|10/02/2025 - 30/06/2026:Sin equipo|01/07/2026 - actual:Boca Juniors;5:Títulos como DT|1:Primera División Argentina|1:Copa Argentina|1:Sheikh Jassim Cup|1:UAE President's Cup|1:UAE League Cup
anchelotti-2026;523;45;;anchelotti-2026;Carlo Ancelotti;Brasil;2026;Italia;Europa;Carlo Ancelotti es uno de los entrenadores más ganadores de la historia, reconocido por su gestión de grupos, su flexibilidad táctica y sus cinco Champions League como DT.;;real.png;ingame.png;face.csv;0;01/07/1995 - 30/06/1996:Reggiana|01/07/1996 - 30/06/1998:Parma|01/07/1998 - 06/02/1999:Sin equipo|07/02/1999 - 30/06/2001:Juventus|01/07/2001 - 06/11/2001:Sin equipo|07/11/2001 - 30/06/2009:Milan|01/07/2009 - 30/06/2011:Chelsea|01/07/2011 - 31/12/2011:Sin equipo|01/01/2012 - 30/06/2013:PSG|01/07/2013 - 30/06/2015:Real Madrid|01/07/2015 - 30/06/2016:Sin equipo|01/07/2016 - 28/09/2017:Bayern Munich|29/09/2017 - 30/06/2018:Sin equipo|01/07/2018 - 10/12/2019:Napoli|11/12/2019 - 21/12/2019:Sin equipo|22/12/2019 - 30/06/2021:Everton|01/07/2021 - 25/05/2025:Real Madrid|26/05/2025 - actual:Brasil;30:Títulos como DT|5:Champions League|5:Ligas top europeas|5:Supercopa de Europa|3:Mundial de Clubes
