id;titulo;version;juego;plataforma;descripcion;link;miniatura;destacado;categoria;fecha;detalles;estado;tags;links
of_pes2018_2026_v3_pc;PES 2018 Option File 2026 V3;V3;PES 2018;PC;La version mas completa de la V3 para PES 2018 en PC, actualizada a la temporada 2026/27. Incluye las principales ligas renovadas, Bundesliga completa, planteles, fichajes, dorsales, formaciones y tacticas actualizadas, mas selecciones, kits 2026/27 y extras exclusivos de PC como caras, minifaces y renovaciones graficas.;https://sharemods.com/5529b1zts1yr/PES_2018_al_2026_V3_LAqP.part1.rar.html;/assets/images/option-files/OF PES 2018 al 2026 V3.png;1;Option File;2/10/2026;;Disponible;PES 2018 | 2026 | 2026/27 | PC;Parte 1::https://sharemods.com/5529b1zts1yr/PES_2018_al_2026_V3_LAqP.part1.rar.html | Parte 2::https://sharemods.com/nv6gdujkvfi1/PES_2018_al_2026_V3_LAqP.part2.rar.html | Parte 3::https://sharemods.com/yh3ubhfam6bz/PES_2018_al_2026_V3_LAqP.part3.rar.html | Parte 4::https://sharemods.com/y58uxo5l2iw9/PES_2018_al_2026_V3_LAqP.part4.rar.html
of_pes2018_2026_v3_ps4;PES 2018 Option File 2026 V3;V3;PES 2018;PS4/PS5;Option File V3 actualizado a la temporada 2026/27 para PES 2018 en PS4 y PS5. Incluye Premier League, LaLiga, Serie A, Ligue 1, Bundesliga, Liga Argentina, Brasileirao, Libertadores 2026, mas selecciones, planteles, fichajes, dorsales, formaciones, tacticas y kits actualizados.;https://sharemods.com/vqbvqh8hd417/Option_File_PES_2018_al_2026_V3_PS4-PS5_LAqP.part1.rar.html;/assets/images/option-files/OF PES 2018 al 2026 V3.png;1;Option File;2/10/2026;;Disponible;PES 2018 | 2026 | 2026/27 | PS4 | PS5;Parte 1::https://sharemods.com/vqbvqh8hd417/Option_File_PES_2018_al_2026_V3_PS4-PS5_LAqP.part1.rar.html | Parte 2::https://sharemods.com/zr2c5s4ude6q/Option_File_PES_2018_al_2026_V3_PS4-PS5_LAqP.part2.rar.html
of_pes2018_2026_v2_ps4;PES 2018 Option File 2026 V2;V2;PES 2018;PS4/PS5;Option File actualizado a la temporada 2026 para PES 2018. Incluye las mismas ligas de la V1 mas la Ligue 1, la Serie A  y 17 selecciones nuevas.;https://sharemods.com/f4jz8dlwa55q/OF_PES_2018_al_2026_V2_LAqP_PS4-PS5.rar.html;/assets/images/option-files/OF PES 2018 al 2026 V2.png;0;Option File;5/7/2026;;Disponible;PES 2018 | 2026 | PS4 | PS5;
of_pes2018_2026_v2_pc;PES 2018 Option File 2026 V2;V2;PES 2018;PC;Option File actualizado a la temporada 2026 para PES 2018. Incluye las mismas ligas de la V1 mas la Ligue 1, la Serie A  y 17 selecciones nuevas.;https://sharemods.com/lh9fzg4xm96w/OF_PES_2018_al_2026_V2_LAqP_PC_Parte_1.rar.html;/assets/images/option-files/OF PES 2018 al 2026 V2.png;0;Option File;5/7/2026;;Disponible;PES 2018 | 2026 | PC;Parte 1::https://sharemods.com/lh9fzg4xm96w/OF_PES_2018_al_2026_V2_LAqP_PC_Parte_1.rar.html | Parte 2::https://sharemods.com/ov9nnz2ruztf/OF_PES_2018_al_2026_V2_LAqP_PC_Parte_2.rar.html
of_pes2018_2026_v1_ps4;PES 2018 Option File 2026 V1;V1;PES 2018;PS4/PS5;Option File actualizado a la temporada 2026 para PES 2018. Incluye las mismas ligas del parche 2025 con equipos de la Copa Libertadores edicion 2026 y fichajes actualizados.;https://sharemods.com/x6qke1yn3a8d/OF_PES_2018_to_2026_V1_by_LAqP___40_PS4-PS5__41_.rar.html;/assets/images/option-files/OF PES 2018 al 2026 V1.png;0;Option File;3/5/2026;;Disponible;PES 2018 | 2026 | PS4 | PS5;
of_pes2018_2026_v1_pc;PES 2018 Option File 2026 V1;V1;PES 2018;PC;La version mas completa del Option File 2026 para PES 2018 en PC. Incluye plantillas actualizadas Copa Libertadores 2026 fichajes renovados minifaces reales caras escaneadas soundtrack modificado y compatibilidad con canticos descargables aparte.;https://sharemods.com/vpt7uimh8ukn/OF_PES_2018_to_2026_V1_by_LAqP___40_PC__41_.rar.html;/assets/images/option-files/OF PES 2018 al 2026 V1.png;0;Option File;3/5/2026;;Disponible;PES 2018 | 2026 | PC;
of_pes2018_complemento;PES 2018 Option File Complemento;;PES 2018;PS4/PS5/PC;MUY IMPORTANTE VER EL TUTORIAL DE INSTALACIÓN. Este Option File licencia los equipos que no vienen incluidos en el Option File base.;https://sharemods.com/cuse8xuzlmsv/OF_Complmento_kits_PES_2018_al_2025_by_LAqP.rar.html;/assets/images/option-files/OF COMPLEMENTO.png;0;Option File;12/10/2025;;Disponible;PES 2018 | 2025 | PS4 | PS5 | PC;
of_pes2018_2025_v5_ps4;PES 2018 Option File 2025 V5;V5;PES 2018;PS4/PS5;Option File actualizado a la temporada 2025 para PES 2018 en PS4 y PS5. Incluye Premier League LaLiga Liga Argentina Brasileirao Copa Libertadores Selecciones Sudamericanas y equipos top restantes.;https://sharemods.com/3rfvwrfyglf9/OF_PES_2018_al_2025_V5_PS4-PS5_by_LAqP.rar.html;/assets/images/option-files/OF V 5.png;1;Option File;1/1/2025;;Disponible;PES 2018 | 2025 | PS4 | PS5;
of_pes2018_2025_v5_pc;PES 2018 Option File 2025 V5;V5;PES 2018;PC;Option File actualizado a la temporada 2025 para PES 2018 en PC. Incluye Premier League LaLiga Liga Argentina Brasileirao Copa Libertadores Selecciones Sudamericanas y equipos top europeos restantes.;https://sharemods.com/mue0fixi0mpf/OF_PES_2018_al_2025_V5_PC_by_LAqP.rar.html;/assets/images/option-files/OF V 5.png;0;Option File;1/1/2025;;Disponible;PES 2018 | 2025 | PC;
