TeamId;PlayerId;OverallStats
100;40581;65
100;42669;82
100;47070;79
100;57939;64
100;60512;88
100;101185;85
100;101355;67
100;101958;78
100;102761;75
100;107553;78
100;107590;80
100;108419;65
100;108695;80
100;109329;81
100;110667;80
100;110803;73
100;111989;78
100;113573;83
100;114105;82
100;114195;77
100;117793;81
100;118038;75
100;118096;78
100;118136;78
100;118195;77
100;119889;80
101;34882;84
101;47242;79
101;59773;80
101;63500;82
101;63605;80
101;101301;83
101;102397;77
101;103404;86
101;103613;83
101;104794;86
101;106588;82
101;107256;81
101;108200;80
101;108693;87
101;108959;88
101;110774;88
101;111207;89
101;111935;85
101;113436;83
101;114782;67
101;114890;78
101;114906;84
101;118340;87
101;118527;82
102;33915;78
102;39270;78
102;60523;84
102;61069;77
102;103505;78
102;103513;78
102;103875;88
102;104008;78
102;105469;85
102;107954;79
102;108699;75
102;108826;80
102;110073;73
102;110679;78
102;113127;81
102;113775;68
102;113890;64
102;113901;76
102;114075;71
102;114891;86
102;116575;85
102;116708;75
102;117043;68
102;117087;82
102;118454;80
102;118680;77
102;119863;79
102;120355;80
102;121310;81
102;121373;79
103;44708;81
103;44840;88
103;57123;89
103;59714;86
103;63474;88
103;100281;83
103;100706;86
103;101028;81
103;101215;64
103;103558;73
103;104337;79
103;107656;83
103;107693;71
103;109396;70
103;110551;65
103;111031;61
103;112514;85
103;113661;80
103;113900;87
103;114117;64
103;114235;80
103;114711;69
103;114975;85
103;115079;87
103;118165;61
103;118335;86
103;121980;79
103;122012;83
103;1073758298;79
104;4884;75
104;9211;75
104;44497;78
104;45137;74
104;100527;73
104;100998;74
104;101047;76
104;101075;77
104;104306;77
104;106414;63
104;106416;75
104;106423;72
104;110394;78
104;110491;77
104;111045;76
104;111344;76
104;114663;77
104;115263;75
104;115385;75
104;117961;62
104;118201;78
104;118246;72
104;118294;63
104;118726;76
104;122005;76
104;122265;74
104;1073857486;76
105;3613;77
105;34437;74
105;42825;77
105;46741;78
105;46951;77
105;57413;72
105;60614;73
105;61050;76
105;102692;77
105;103701;73
105;109579;77
105;112012;76
105;113357;78
105;114186;83
105;114876;79
105;115176;80
105;115335;60
105;115338;73
105;115937;76
105;117703;75
105;118021;77
105;118592;70
105;120310;76
106;32386;68
106;42917;80
106;44245;79
106;59486;82
106;59797;80
106;100299;79
106;103512;82
106;103830;80
106;108095;76
106;109585;71
106;109911;72
106;111123;81
106;112489;81
106;112978;62
106;113502;82
106;114855;80
106;115228;77
106;115234;64
106;117917;76
106;118171;86
106;118205;80
106;118303;77
106;118491;80
106;120368;82
106;122002;81
106;1073788255;86
107;42539;78
107;44702;77
107;45089;80
107;59801;85
107;100400;78
107;100676;70
107;101076;86
107;101288;79
107;101838;81
107;104102;74
107;106863;78
107;108079;78
107;109123;76
107;112212;81
107;113066;77
107;114029;81
107;114626;73
107;114880;84
107;114910;80
107;116211;79
107;118007;79
107;118042;83
107;118174;83
107;118656;78
107;121948;84
108;33266;82
108;40002;86
108;40937;83
108;47184;78
108;47406;86
108;47787;84
108;57740;75
108;103845;80
108;107714;83
108;108662;87
108;108876;83
108;110638;81
108;110644;89
108;110784;86
108;110902;84
108;112906;76
108;113968;62
108;114620;82
108;114762;83
108;116751;84
108;117736;89
108;118381;90
108;118559;83
108;121979;74
109;41124;80
109;44383;90
109;57353;84
109;61230;77
109;101291;89
109;102055;82
109;103003;81
109;103797;82
109;104677;84
109;104710;80
109;105073;80
109;107889;81
109;110718;91
109;113405;85
109;113525;84
109;113911;88
109;114566;81
109;115913;78
109;117047;89
109;117938;77
109;117985;73
109;118092;81
109;118207;63
109;118417;84
109;118571;64
109;119782;84
110;35138;74
110;42308;71
110;45113;73
110;46873;76
110;60201;72
110;60673;75
110;60878;77
110;61058;78
110;61081;75
110;100543;76
110;100621;74
110;100720;74
110;100935;75
110;103291;75
110;105383;74
110;107985;76
110;110725;77
110;111839;75
110;114698;77
110;114699;65
110;115161;77
110;115336;75
110;118191;75
110;118355;72
110;118968;77
110;119135;77
110;121239;75
114;9379;82
114;45993;87
114;54756;80
114;104717;81
114;107635;69
114;108239;85
114;109968;80
114;110626;90
114;111071;87
114;111844;87
114;113960;89
114;114231;68
114;114284;84
114;114619;76
114;114640;85
114;114725;81
114;115262;80
114;117931;88
114;118236;90
114;118392;78
114;118407;87
114;118428;67
114;119130;74
114;1073857268;80
126;33041;79
126;34781;75
126;37401;64
126;46825;82
126;54247;78
126;54745;85
126;57973;82
126;59259;63
126;60928;83
126;63265;74
126;63414;86
126;101391;71
126;102526;81
126;108692;79
126;109047;80
126;109161;83
126;113982;78
126;115106;61
126;115113;76
126;115133;65
126;115153;79
126;117464;79
126;118437;86
126;118693;63
126;118940;84
126;370190;79
138;45071;72
138;45674;75
138;45685;78
138;47566;73
138;47911;62
138;59356;74
138;60308;72
138;60719;68
138;60977;66
138;61035;75
138;103317;79
138;104313;73
138;105130;72
138;106832;65
138;107851;72
138;108669;75
138;109960;77
138;109992;72
138;110211;70
138;110520;77
138;110728;64
138;114345;74
138;114366;74
138;114416;75
138;114558;74
138;115281;73
138;115843;72
138;116570;69
138;116592;73
138;117498;75
138;117987;67
138;118026;74
138;121284;63
139;35477;72
139;37506;66
139;40456;75
139;45356;80
139;45358;72
139;45664;64
139;45758;72
139;47583;68
139;48009;73
139;55644;75
139;59188;71
139;60687;75
139;100413;72
139;101953;72
139;104264;74
139;105341;70
139;108875;72
139;109106;72
139;111066;74
139;111074;77
139;111076;69
139;113962;63
139;114375;76
139;115540;73
139;117517;73
139;117773;75
139;117952;68
139;118595;74
139;118957;72
139;119088;67
139;120315;77
139;121949;76
172;41082;81
172;42316;84
172;43638;83
172;44104;88
172;46780;83
172;58839;83
172;60238;79
172;63546;83
172;103008;84
172;103449;87
172;104418;78
172;110319;80
172;110599;83
172;110838;83
172;111096;79
172;114143;77
172;114689;81
172;114695;78
172;114844;81
172;115032;79
172;116541;79
172;117946;71
172;118267;71
173;39268;83
173;40179;81
173;42577;84
173;43135;82
173;47785;82
173;59766;82
173;60527;91
173;63383;83
173;101761;85
173;103047;70
173;104226;83
173;108209;80
173;108279;89
173;108688;76
173;110441;81
173;110815;88
173;111116;77
173;111800;87
173;112513;80
173;112733;81
173;114003;83
173;114791;70
173;114808;85
173;118262;83
173;118274;85
173;118418;68
173;118653;79
177;37715;76
177;40283;70
177;42575;79
177;45130;77
177;45247;79
177;47286;84
177;65000;74
177;101115;82
177;101664;82
177;101781;80
177;103338;66
177;103514;76
177;104731;64
177;108312;78
177;109041;74
177;109996;76
177;110069;71
177;110474;75
177;110939;76
177;113552;72
177;114163;71
177;115109;76
177;116543;80
177;118278;72
177;118347;77
178;32440;62
178;41120;74
178;42821;74
178;44682;76
178;45144;80
178;57330;77
178;59596;78
178;60743;74
178;61182;72
178;103551;79
178;103820;78
178;106410;80
178;108931;82
178;109128;78
178;110645;76
178;114021;77
178;114510;76
178;115108;78
178;116066;79
178;116270;76
178;117636;76
178;117886;75
178;118164;77
178;118211;80
179;39238;80
179;45134;75
179;46989;81
179;60431;75
179;100764;70
179;101141;75
179;101504;79
179;101600;78
179;104680;80
179;105297;80
179;107587;77
179;109201;83
179;109540;83
179;110866;79
179;110929;79
179;111280;83
179;112218;78
179;112855;67
179;113972;83
179;114036;83
179;114197;79
179;114645;76
179;114933;80
179;114989;82
179;115254;79
179;116482;82
179;118686;77
179;119828;82
194;42556;84
194;42806;75
194;42868;79
194;43467;73
194;47250;72
194;59358;76
194;61056;80
194;61147;78
194;100510;76
194;103576;70
194;104745;79
194;105089;73
194;108751;81
194;110439;81
194;113803;79
194;114226;78
194;114251;70
194;114356;76
194;114972;77
194;115237;78
194;115905;75
194;115927;81
194;117537;78
194;117821;78
194;117934;79
194;119816;77
194;121314;75
195;43157;79
195;45823;76
195;46666;82
195;60561;72
195;61402;71
195;63293;75
195;63492;68
195;102742;80
195;105354;78
195;106586;64
195;109213;78
195;110104;73
195;110772;75
195;111870;80
195;113889;78
195;114232;74
195;114403;72
195;114412;76
195;115542;74
195;115778;75
195;117562;76
195;117995;70
195;118080;73
195;118215;73
195;118373;73
195;118827;75
195;120343;73
195;120364;71
196;39801;81
196;100346;69
196;102983;77
196;103657;78
196;104748;74
196;106956;82
196;107674;75
196;107704;73
196;109517;75
196;110596;82
196;111000;69
196;111933;75
196;112015;77
196;112458;77
196;112940;73
196;114521;75
196;114879;73
196;116471;80
196;116489;67
196;117621;73
196;118154;75
196;118599;74
196;119131;79
196;119890;74
196;1073758338;81
208;9452;74
208;38816;78
208;41674;72
208;43166;74
208;45079;76
208;60709;76
208;60781;78
208;106425;76
208;111915;73
208;113574;71
208;113787;73
208;113907;75
208;114294;74
208;114878;75
208;115990;67
208;116576;76
208;117563;76
208;118145;78
208;119885;61
208;121210;73
208;121224;63
208;121322;68
208;1073757878;74
258;30074;70
258;37277;73
258;46788;80
258;47207;69
258;47251;83
258;47357;77
258;47522;82
258;60531;78
258;100224;79
258;102097;78
258;102290;82
258;103612;81
258;106957;84
258;106958;81
258;106968;73
258;106974;73
258;106975;83
258;108971;73
258;109152;71
258;110505;80
258;113608;84
258;113981;73
258;117523;62
258;117552;60
258;117927;78
258;118175;70
258;118518;71
258;118685;76
258;118941;76
259;43211;80
259;57226;74
259;59590;72
259;100196;75
259;100212;65
259;100426;72
259;102418;77
259;102873;75
259;103310;78
259;103473;73
259;104396;71
259;104706;76
259;108272;75
259;111272;70
259;114241;77
259;114628;75
259;114936;75
259;116049;78
259;116706;72
259;118551;76
259;118626;79
259;124276;70
259;373471;75
263;9041;75
263;34484;71
263;37030;62
263;37377;78
263;45025;78
263;57350;77
263;63371;77
263;100735;78
263;100806;71
263;103453;73
263;104250;79
263;104417;73
263;104751;78
263;107451;78
263;110303;81
263;110633;77
263;113443;77
263;114376;75
263;114930;65
263;114967;76
263;118970;73
263;119876;78
263;119892;75
265;35876;78
265;36718;76
265;47429;74
265;60534;74
265;100133;75
265;101996;67
265;102420;75
265;103656;74
265;104860;74
265;108051;74
265;108523;75
265;108881;75
265;109079;78
265;110699;76
265;110812;76
265;111172;78
265;111336;74
265;113294;68
265;113598;72
265;114800;74
265;115844;76
265;116430;65
265;117364;74
265;118522;64
265;118703;75
265;118723;77
265;121344;77
265;122920;72
267;7506;75
267;38779;81
267;57349;81
267;58834;76
267;100809;82
267;101615;80
267;104650;75
267;107716;81
267;108380;76
267;108993;72
267;109474;78
267;111482;77
267;111997;77
267;112000;73
267;112608;65
267;113839;81
267;114297;78
267;114313;78
267;114381;79
267;114463;70
267;114892;75
267;116691;79
267;117401;79
267;117495;78
267;118163;60
267;118306;62
267;118617;76
267;119820;69
362;7806;74
362;41100;73
362;42322;74
362;43210;74
362;44637;71
362;59783;72
362;59966;74
362;61527;80
362;100316;77
362;102060;70
362;104516;64
362;106733;67
362;107722;77
362;107901;80
362;107911;74
362;108117;74
362;108226;77
362;108457;73
362;110832;72
362;111289;72
362;111911;69
362;113760;81
362;117072;68
362;117582;77
362;118044;72
366;33735;77
366;42582;71
366;43047;72
366;44444;65
366;58503;79
366;58840;74
366;100421;73
366;100618;74
366;102629;69
366;103886;73
366;105423;66
366;109084;73
366;114600;71
366;114682;74
366;114848;69
366;115025;68
366;115390;70
366;117453;75
366;117674;74
366;118082;70
366;118200;69
366;118209;73
366;118354;74
366;118531;74
366;118934;68
366;377335;66
370;32694;73
370;35124;70
370;44449;70
370;47437;78
370;47524;78
370;60425;81
370;100359;77
370;100481;79
370;102416;72
370;102707;76
370;103619;73
370;104413;77
370;104847;60
370;105098;79
370;105550;71
370;107032;69
370;111847;72
370;111850;75
370;113896;80
370;114279;75
370;114422;72
370;114430;74
370;114440;75
370;114914;73
370;116436;81
370;117082;78
370;122733;67
377;4882;73
377;16346;82
377;37289;73
377;38352;79
377;40433;72
377;46812;75
377;46850;78
377;54677;79
377;55661;76
377;60896;73
377;100246;77
377;100261;74
377;101018;80
377;103043;77
377;107719;80
377;107909;78
377;110084;80
377;110351;80
377;112572;76
377;113167;79
377;113603;75
377;114079;62
377;115197;77
377;116642;79
377;117779;78
377;118664;78
378;37151;74
378;41119;77
378;45238;72
378;46423;73
378;46536;75
378;101359;70
378;101675;74
378;102383;76
378;103062;74
378;103498;76
378;107142;78
378;108525;77
378;109131;73
378;109359;72
378;110555;73
378;110573;73
378;111136;63
378;111159;69
378;112005;78
378;112571;73
378;113297;73
378;113986;75
378;114561;69
378;114924;76
378;115652;75
378;117699;73
378;117867;74
378;119143;75
378;121945;72
378;370144;75
382;41686;82
382;47238;70
382;59333;62
382;59637;78
382;60109;79
382;100955;76
382;101027;77
382;101191;79
382;101338;62
382;101342;77
382;108166;63
382;108202;72
382;108968;59
382;109947;77
382;111450;82
382;112574;79
382;113265;72
382;113356;81
382;114201;80
382;114577;82
382;114667;72
382;115242;71
382;115521;79
382;116207;79
382;117475;81
382;117916;75
382;120380;77
382;1073754405;78
389;40786;81
389;44654;73
389;44679;80
389;45402;77
389;59493;61
389;100504;73
389;101316;76
389;106591;82
389;106754;82
389;108927;80
389;111112;62
389;111117;79
389;111478;76
389;112583;82
389;113446;77
389;113863;72
389;114000;74
389;114206;78
389;114503;78
389;114907;73
389;114935;81
389;115074;75
389;115535;79
389;116450;75
389;118221;78
389;120309;78
389;308314;74
389;308521;82
389;1073857391;76
396;35492;66
396;42424;85
396;45081;77
396;46992;69
396;47148;71
396;60922;75
396;63675;80
396;101485;61
396;104020;78
396;108114;72
396;108934;77
396;108969;80
396;109222;68
396;109909;76
396;110568;65
396;110570;72
396;112593;75
396;114015;77
396;114370;60
396;114576;77
396;115786;64
396;115864;77
396;117731;72
396;118193;80
396;118648;78
396;121306;79
396;121989;72
396;122015;72
396;325519;58
1236;41163;72
1236;47012;65
1236;47589;72
1236;47929;62
1236;47959;73
1236;58044;69
1236;59354;65
1236;59675;65
1236;60035;76
1236;100065;75
1236;101946;73
1236;102542;68
1236;102611;70
1236;103319;73
1236;103753;75
1236;106834;67
1236;108889;64
1236;111324;73
1236;111962;68
1236;111963;64
1236;112505;67
1236;112991;69
1236;114325;68
1236;114537;68
1236;116145;66
1236;116598;69
1236;116604;70
1236;116696;65
1236;117641;75
1236;118142;71
1236;118342;75
1236;1073857253;60
1237;37437;73
1237;41174;74
1237;45669;74
1237;57987;74
1237;58121;65
1237;58164;74
1237;60133;73
1237;60204;72
1237;60232;71
1237;63447;78
1237;100269;70
1237;107468;57
1237;108880;65
1237;111058;71
1237;111067;77
1237;111295;76
1237;114637;73
1237;115067;78
1237;115122;72
1237;115236;71
1237;117050;74
1237;117687;67
1237;118327;68
1237;118360;74
1237;118395;65
1237;118429;70
1237;118505;71
1237;369333;60
1238;8849;73
1238;35880;72
1238;36727;79
1238;43006;68
1238;55854;62
1238;57898;74
1238;57926;75
1238;60062;76
1238;60143;70
1238;63344;73
1238;63511;62
1238;100043;64
1238;101204;74
1238;103893;71
1238;105513;74
1238;105808;70
1238;109188;69
1238;110974;72
1238;111328;72
1238;113495;69
1238;113937;60
1238;114715;71
1238;114983;72
1238;115533;70
1238;117591;73
1238;118507;75
1238;121318;73
1238;297025;71
1239;37510;65
1239;41144;64
1239;47136;70
1239;55522;70
1239;59393;64
1239;60151;68
1239;60299;71
1239;103396;71
1239;103879;60
1239;108643;65
1239;110984;63
1239;111097;70
1239;112582;64
1239;113913;63
1239;114237;65
1239;114373;67
1239;114551;69
1239;114555;66
1239;114633;65
1239;114792;68
1239;115250;58
1239;116201;72
1239;117774;67
1239;117878;62
1239;118146;62
1239;118451;67
1239;118646;69
1239;118844;69
1239;118946;68
1239;298871;62
1239;1073847883;69
1240;34797;74
1240;43814;69
1240;44857;72
1240;45576;72
1240;47836;75
1240;55301;75
1240;55729;67
1240;58033;68
1240;58127;68
1240;60631;70
1240;61104;73
1240;63413;73
1240;102299;63
1240;105324;70
1240;110488;60
1240;110715;69
1240;113628;71
1240;114050;64
1240;115104;70
1240;115901;73
1240;119815;70
1240;120327;75
1240;121254;65
1240;264184;64
1240;372821;71
1241;32780;72
1241;47532;65
1241;57992;67
1241;58242;67
1241;58319;67
1241;63187;58
1241;100586;63
1241;102051;68
1241;106885;64
1241;108162;64
1241;108274;69
1241;110109;65
1241;110518;62
1241;111969;67
1241;114077;68
1241;114603;65
1241;114709;70
1241;114734;60
1241;115087;66
1241;115376;63
1241;115846;68
1241;117389;61
1241;117643;69
1241;118343;60
1241;118533;67
1241;118553;70
1241;118711;65
1241;119099;65
1241;119841;65
1241;123232;68
1241;373326;64
1241;377440;68
1242;35252;70
1242;37106;82
1242;41547;75
1242;42752;73
1242;43815;62
1242;46635;70
1242;47243;66
1242;55900;76
1242;58174;60
1242;60279;68
1242;60325;72
1242;60351;72
1242;60360;76
1242;60633;72
1242;60704;71
1242;63275;72
1242;103156;72
1242;105288;71
1242;106833;68
1242;110600;71
1242;113633;62
1242;114787;63
1242;115357;60
1242;116203;73
1242;117689;75
1242;118032;63
1242;118399;73
1242;121364;60
1242;263021;74
1242;372206;61
1243;54165;70
1243;54405;62
1243;55963;66
1243;56047;68
1243;56163;69
1243;57624;65
1243;57955;61
1243;58209;64
1243;58222;61
1243;59256;64
1243;60235;72
1243;60347;70
1243;60650;65
1243;101188;69
1243;103286;66
1243;103586;68
1243;104525;67
1243;105270;73
1243;105331;68
1243;106340;68
1243;111419;75
1243;115538;70
1243;115908;68
1243;116451;72
1243;116588;68
1243;116630;65
1243;116961;75
1243;117510;69
1243;122330;62
1243;123077;68
1243;371710;62
1243;376489;63
1244;34638;76
1244;40617;70
1244;42697;74
1244;43888;64
1244;45668;71
1244;47830;72
1244;47933;74
1244;54761;72
1244;55711;67
1244;55902;72
1244;59265;74
1244;59267;61
1244;60250;75
1244;60817;75
1244;61036;74
1244;61130;75
1244;105131;73
1244;109933;58
1244;111028;74
1244;111427;63
1244;113827;60
1244;114331;74
1244;117710;60
1244;118095;71
1244;118958;60
1244;308712;68
1244;369675;68
1922;1664;67
1922;41158;65
1922;43668;73
1922;43816;68
1922;45579;70
1922;47557;75
1922;48142;72
1922;55988;61
1922;57977;62
1922;58073;71
1922;58158;69
1922;60184;69
1922;60337;72
1922;60653;68
1922;61650;64
1922;63350;66
1922;63392;62
1922;101667;65
1922;105123;65
1922;105322;68
1922;113428;70
1922;114431;70
1922;114766;64
1922;114786;72
1922;116047;62
1922;116521;69
1922;117984;72
1922;120363;69
1922;121226;70
1926;41236;70
1926;44423;66
1926;46897;68
1926;54392;68
1926;55863;63
1926;55905;70
1926;56168;70
1926;56172;72
1926;57993;66
1926;58215;62
1926;58291;58
1926;59419;67
1926;60199;66
1926;63294;68
1926;101195;70
1926;103525;64
1926;104864;72
1926;105117;70
1926;105387;61
1926;105411;66
1926;108758;71
1926;109583;73
1926;110834;67
1926;110899;64
1926;111337;70
1926;114219;68
1926;114335;71
1926;116468;70
1926;118325;68
1926;118661;68
1926;118829;66
1927;4583;70
1927;38374;62
1927;40662;65
1927;47246;60
1927;47745;64
1927;53906;65
1927;58312;70
1927;58323;68
1927;60659;68
1927;101899;69
1927;103176;68
1927;103376;67
1927;104293;64
1927;105189;67
1927;105352;67
1927;107918;64
1927;110379;58
1927;110563;63
1927;110768;62
1927;113217;68
1927;113380;66
1927;113804;57
1927;114135;70
1927;114471;62
1927;114534;64
1927;117469;64
1927;118264;70
1927;118501;67
1927;118585;66
1927;292521;65
1927;373054;71
1929;38743;66
1929;41083;73
1929;47644;63
1929;47833;68
1929;56045;74
1929;58302;72
1929;58360;70
1929;60273;59
1929;60675;73
1929;60677;70
1929;100719;67
1929;104124;72
1929;104384;60
1929;110089;70
1929;110705;71
1929;110951;70
1929;113326;73
1929;113883;78
1929;113974;60
1929;114946;74
1929;115375;73
1929;117594;69
1929;118098;71
1929;119810;67
1929;121381;73
1929;266891;76
1929;368381;71
2187;37304;76
2187;37827;76
2187;38797;76
2187;47237;78
2187;47633;64
2187;60558;73
2187;61672;85
2187;63370;73
2187;63399;76
2187;63738;75
2187;100012;71
2187;100967;77
2187;101617;77
2187;103197;78
2187;105516;73
2187;106778;78
2187;107941;75
2187;113189;78
2187;114205;65
2187;114298;77
2187;114723;75
2187;114752;77
2187;116577;72
2187;116676;77
2187;117901;72
2187;118379;77
2187;118944;75
2293;33185;83
2293;42606;79
2293;45780;61
2293;47287;90
2293;48129;87
2293;59835;80
2293;60380;81
2293;103680;73
2293;108689;61
2293;108948;83
2293;109005;89
2293;112510;84
2293;114018;88
2293;114484;76
2293;114616;73
2293;114883;88
2293;115355;56
2293;116034;78
2293;116655;86
2293;117683;78
2293;117766;83
2293;117889;81
2293;118563;79
2293;118593;87
2293;1073853601;82
2349;40884;80
2349;60246;76
2349;101058;85
2349;101983;73
2349;101989;74
2349;102719;85
2349;103408;77
2349;104865;76
2349;106732;78
2349;106753;64
2349;109101;84
2349;109182;76
2349;110905;72
2349;111024;78
2349;113656;66
2349;114016;79
2349;114181;67
2349;114881;77
2349;115044;83
2349;115160;78
2349;115655;75
2349;115832;79
2349;118088;82
2349;118109;73
2349;118627;78
2349;118659;64
2349;119140;75
2498;7305;70
2498;38812;67
2498;38863;69
2498;43792;70
2498;44797;72
2498;45454;66
2498;57937;67
2498;58337;62
2498;60666;70
2498;61000;74
2498;63152;72
2498;101399;70
2498;101901;70
2498;104265;68
2498;104344;66
2498;105172;69
2498;108344;63
2498;110948;76
2498;111301;70
2498;113041;65
2498;113973;61
2498;114218;70
2498;116603;68
2498;117725;69
2498;118676;66
2498;118836;62
2498;121998;65
2498;366643;68
2498;373169;67
2499;9238;61
2499;38365;64
2499;42433;64
2499;44006;64
2499;45661;65
2499;47415;66
2499;55718;68
2499;56148;66
2499;56173;65
2499;56174;66
2499;56178;67
2499;56182;67
2499;56188;61
2499;57224;68
2499;59201;56
2499;59206;58
2499;60272;61
2499;61574;74
2499;102400;65
2499;105188;60
2499;105482;62
2499;105748;66
2499;106901;66
2499;107039;63
2499;111334;68
2499;111964;57
2499;114563;65
2499;118081;68
2499;298690;62
2499;306131;63
2499;372424;70
2499;377202;57
2536;30163;71
2536;41276;65
2536;45334;75
2536;45582;74
2536;46978;67
2536;47596;63
2536;58325;73
2536;60203;72
2536;60252;65
2536;100275;60
2536;103440;70
2536;104103;70
2536;105278;69
2536;112026;74
2536;112568;68
2536;112606;71
2536;112888;73
2536;113345;61
2536;113822;58
2536;113831;70
2536;114106;78
2536;114546;63
2536;118284;72
2538;56097;67
2538;58292;70
2538;60171;69
2538;60234;69
2538;60265;68
2538;60366;72
2538;103128;60
2538;104325;68
2538;105520;72
2538;105528;58
2538;107559;64
2538;108725;68
2538;108726;73
2538;108745;69
2538;108765;62
2538;110312;62
2538;110457;62
2538;110704;64
2538;111488;70
2538;113308;69
2538;113710;72
2538;114120;67
2538;115135;75
2538;115532;65
2538;115999;71
2538;116500;65
2538;120335;66
2538;121296;68
2538;308173;64
2719;39706;63
2719;42935;62
2719;56153;70
2719;57410;59
2719;58156;63
2719;58271;68
2719;60152;64
2719;100101;66
2719;101961;70
2719;103107;68
2719;104112;59
2719;105119;67
2719;105220;68
2719;108590;61
2719;108767;68
2719;110521;65
2719;113082;68
2719;114329;70
2719;114966;68
2719;115330;63
2719;115393;64
2719;116298;60
2719;117758;70
2719;117812;69
2719;118449;66
2719;118945;65
2719;119827;68
2719;120339;66
2719;121990;62
2719;379800;67
2722;35250;74
2722;47594;73
2722;47941;67
2722;55716;69
2722;60071;72
2722;60375;57
2722;60590;62
2722;63398;66
2722;63661;70
2722;102829;62
2722;105162;73
2722;105269;69
2722;105307;69
2722;109594;67
2722;114092;65
2722;114367;71
2722;115534;59
2722;115903;61
2722;116602;68
2722;116672;69
2722;117239;67
2722;118719;70
2722;119864;69
2722;121198;59
2722;121213;67
2722;121215;67
2722;121235;68
2722;121359;64
2722;376737;55
4020;45386;76
4020;59706;77
4020;100132;75
4020;100856;63
4020;103621;66
4020;106433;70
4020;106488;69
4020;107910;73
4020;108955;70
4020;109343;76
4020;110635;75
4020;111829;70
4020;112029;72
4020;112528;78
4020;112604;75
4020;112790;71
4020;114070;73
4020;114917;76
4020;115379;70
4020;116743;72
4020;117289;71
4020;117670;71
4020;118677;75
4020;118980;62
4020;120376;72
4020;368379;72
4031;37602;62
4031;41275;70
4031;42117;63
4031;42654;68
4031;55910;71
4031;57201;65
4031;58128;67
4031;58287;68
4031;58368;66
4031;60254;68
4031;60587;63
4031;60880;67
4031;104334;69
4031;109162;61
4031;110988;66
4031;111819;69
4031;112003;70
4031;113655;65
4031;114076;68
4031;114625;67
4031;114730;62
4031;115065;66
4031;115940;63
4031;116141;64
4031;116467;68
4031;117720;63
4031;118305;70
4031;118430;69
4031;119129;63
4031;119780;70
4031;119817;64
4031;379715;68
4032;44037;70
4032;55426;67
4032;55435;64
4032;57915;66
4032;58231;66
4032;60607;59
4032;63235;64
4032;65258;70
4032;100134;69
4032;104440;66
4032;105251;68
4032;105391;58
4032;105578;63
4032;108165;66
4032;108740;67
4032;108771;66
4032;111248;64
4032;111439;65
4032;115294;60
4032;116502;66
4032;117502;62
4032;117775;61
4032;118188;68
4032;118502;68
4032;118712;67
4032;122281;65
4033;9332;60
4033;32549;58
4033;39687;66
4033;41045;68
4033;41527;68
4033;41548;69
4033;42698;70
4033;57980;62
4033;58169;57
4033;58305;68
4033;58307;65
4033;58315;66
4033;60114;68
4033;60213;64
4033;60293;68
4033;61126;69
4033;63679;66
4033;100262;70
4033;100639;70
4033;102610;66
4033;103643;58
4033;105202;69
4033;110892;69
4033;111049;63
4033;113855;67
4033;114257;63
4033;116620;67
4033;116638;67
4033;118031;66
4033;118405;67
4033;118960;70
4034;36336;70
4034;37087;60
4034;47671;66
4034;48056;71
4034;57945;63
4034;58142;63
4034;58329;64
4034;58400;70
4034;59433;68
4034;60066;70
4034;63428;67
4034;100291;68
4034;105088;68
4034;105359;68
4034;105583;69
4034;108591;68
4034;109270;68
4034;110950;62
4034;111040;70
4034;113070;68
4034;113840;69
4034;114353;73
4034;114385;66
4034;114642;67
4034;115030;69
4034;118009;68
4034;118365;71
4034;118716;70
4034;120369;61
4034;121205;71
4034;121396;66
4034;124249;74
4035;47100;58
4035;54385;62
4035;55865;69
4035;56165;65
4035;58165;66
4035;59388;66
4035;60683;67
4035;61080;60
4035;103181;60
4035;104670;61
4035;105106;69
4035;108935;63
4035;110603;68
4035;111319;65
4035;112539;67
4035;114162;60
4035;114368;73
4035;114418;68
4035;114481;68
4035;115163;63
4035;115354;72
4035;115907;70
4035;117147;71
4035;117784;69
4035;118183;64
4035;118597;66
4035;118638;67
4035;119138;69
4035;121216;74
4035;121972;61
4035;122699;67
4035;325544;68
4036;4007;67
4036;36706;62
4036;38509;67
4036;41272;67
4036;43773;70
4036;54422;64
4036;55960;67
4036;58021;67
4036;60029;69
4036;60458;65
4036;63226;68
4036;102046;67
4036;102233;69
4036;104672;67
4036;105274;66
4036;105389;67
4036;105409;69
4036;110415;69
4036;111309;68
4036;113737;69
4036;113991;65
4036;114675;70
4036;114999;56
4036;115143;68
4036;116469;58
4036;116496;64
4036;117960;65
4036;118155;67
4036;118385;68
4036;119128;56
4036;370016;58
4071;36768;72
4071;38891;62
4071;43026;76
4071;44766;78
4071;59460;74
4071;100825;79
4071;101771;75
4071;103166;79
4071;103584;76
4071;104091;60
4071;104185;78
4071;104398;77
4071;104727;71
4071;107563;78
4071;107854;77
4071;108878;80
4071;111073;80
4071;111189;79
4071;112579;60
4071;112857;73
4071;114404;57
4071;114845;79
4071;114888;76
4071;115358;71
4071;115522;78
4071;115911;70
4071;118425;78
4071;118707;77
4071;121960;72
4145;36878;72
4145;40225;75
4145;47405;75
4145;100013;73
4145;100072;72
4145;101065;74
4145;102588;68
4145;103582;74
4145;108073;71
4145;110267;73
4145;111030;67
4145;111342;74
4145;111343;70
4145;111937;70
4145;112509;72
4145;112589;63
4145;113604;75
4145;115653;74
4145;116709;72
4145;116741;77
4145;118076;77
4145;118148;74
4145;118371;74
4145;121382;64
4180;6265;69
4180;39441;75
4180;40295;79
4180;44743;78
4180;45124;79
4180;45463;78
4180;58720;79
4180;60522;77
4180;105081;77
4180;109141;79
4180;112806;76
4180;112853;63
4180;113009;58
4180;114568;72
4180;115165;77
4180;115930;80
4180;115934;65
4180;117659;73
4180;117661;74
4180;117708;76
4180;117940;75
4180;118178;76
4180;118528;80
4180;118633;63
4180;121961;77
4180;1073857540;76
4260;4414;70
4260;9375;75
4260;47183;73
4260;47267;75
4260;47630;71
4260;59802;74
4260;60875;74
4260;60980;72
4260;61145;78
4260;100516;71
4260;104647;73
4260;107454;69
4260;108770;74
4260;110495;73
4260;110769;68
4260;113406;66
4260;116143;72
4260;117402;72
4260;117468;73
4260;117866;71
4260;119865;63
4260;119886;72
4260;120351;74
4260;120360;70
4260;120361;72
4320;9226;67
4320;16728;74
4320;54416;75
4320;60424;78
4320;60529;80
4320;63319;77
4320;63442;80
4320;108516;74
4320;109080;78
4320;109264;80
4320;110958;73
4320;112854;68
4320;113709;69
4320;114239;77
4320;114268;78
4320;114597;72
4320;116667;75
4320;117520;72
4320;117668;73
4320;117723;65
4320;117879;73
4320;118253;70
4320;118332;77
4320;118488;62
4320;121192;67
4320;122006;77
5046;46829;73
5046;54394;70
5046;56190;68
5046;58072;70
5046;58290;68
5046;60167;73
5046;60198;74
5046;60663;74
5046;60823;64
5046;61481;70
5046;104837;59
5046;105298;75
5046;105379;70
5046;109211;75
5046;110999;72
5046;111967;66
5046;113995;70
5046;114478;71
5046;115183;65
5046;115543;72
5046;116501;71
5046;117452;65
5046;118576;73
5046;121339;73
5046;308179;68
5046;323104;62
