id;team_id;pais_id;pais;entrenador;entrenador_id
river-2018-2019;138;144;Argentina;Marcelo Gallardo;gallardo-2018
boca-2000-2001;139;144;Argentina;Carlos Bianchi;
paises-bajos-1978;10;224;Países Bajos;Ernst Happel;
river-maquina-1941-1945;138;144;Argentina;José Minella;
barcelona-2010-2011;108;236;España;Pep Guardiola;guardiola-2026
ac-milan-1988-90;121;215;Italia;Arrigo Sacchi;
arsenal-2003-2004;101;204;Inglaterra;Arsène Wenger;
brasil-1970;45;146;Brasil;Mário Zagallo;
inter-2009-2010;119;215;Italia;José Mourinho;mourinho-2026
real-madrid-2016-2018;109;236;España;Zinedine Zidane;
liverpool-2018-2020;103;204;Inglaterra;Jürgen Klopp;
espana-2010;7;236;España;Vicente del Bosque;
ajax-1994-1995;116;224;Países Bajos;Louis van Gaal;
manchester-united-1998-1999;100;204;Inglaterra;Alex Ferguson;
bayern-munich-2012-2013;2293;210;Alemania;Jupp Heynckes;
chelsea-2004-2005;102;204;Inglaterra;José Mourinho;mourinho-2026
real-madrid-2001-2002;109;236;España;Vicente del Bosque;
manchester-city-2022-2023;173;204;Inglaterra;Pep Guardiola;guardiola-2026
argentina-1986;50;144;Argentina;Carlos Bilardo;
francia-1998;8;208;Francia;Aimé Jacquet;
juventus-2014-2015;120;215;Italia;Massimiliano Allegri;
borussia-dortmund-2012-2013;126;210;Alemania;Jürgen Klopp;
roma-2000-2001;125;215;Italia;Fabio Capello;
psg-2024-2025;114;208;Francia;Luis Enrique;
bayer-leverkusen-2023-2024;2349;210;Alemania;Xabi Alonso;xabi alonso-2026
atalanta-2023-2024;234;215;Italia;Gian Piero Gasperini;
leicester-city-2015-2016;;204;Inglaterra;Claudio Ranieri;
grecia-2004;28;211;Grecia;Otto Rehhagel;
porto-2003-2004;192;228;Portugal;José Mourinho;mourinho-2026
inter-2020-2021;119;215;Italia;Antonio Conte;
chile-2015;47;147;Chile;Jorge Sampaoli;
italia-2006;12;215;Italia;Marcello Lippi;
napoli-1986-1987;327;215;Italia;Ottavio Bianchi;
