id;equipo;apodo;temporada;epoca;region;estilo;formacion;dinamica;formacion_con_balon;formacion_sin_balon;portada;escudo;descripcion;estilo_ataque;construccion;zona_ataque;posicionamiento;rango_apoyo;estilo_defensivo;zona_contencion;presion;linea_defensiva;compacidad;ataque_avanzada_1;ataque_avanzada_2;defensa_avanzada_1;defensa_avanzada_2;claves
river-2018-2019;River Plate;El River de Gallardo;2018-2019;Años 2010;América;Posesión vertical;4-1-3-2;Si;2-3-3-2;4/4/2002;assets/images/tacticas/river-2018-2019.jpg;img/special teams/River Plate.png;Equipo intenso y vertical, con laterales profundos, mucha gente en el medio y dos delanteros agresivos.;Posesión;Pase corto;Centro;Flexible;4;Presión en primera línea;Centro;Agresiva;7;8;Laterales ofensivos;Rotación de banda;Presión alta;Delantero liberado: Borré;Presión alta|Laterales profundos|Ataque vertical
boca-2000-2001;Boca Juniors;El Boca de Bianchi;2000-2001;Años 2000;América;Bloque compacto;4-3-1-2;Si;4-3-1-2;4-4-1-1;assets/images/tacticas/boca-2000-2001.jpg;img/special teams/boca-juniors-1996-2007-logo.png;Equipo copero, compacto y ordenado, con Riquelme libre, Serna equilibrando y Palermo como referencia.;Contraataque;Pase corto;Centro;Mantener formación;5;Defensa total;Centro;Conservadora;5;8;Centros al área;Defensivo: Serna;Delantero liberado: Palermo;Defensa atrasada;Riquelme libre|Bloque compacto|Eficacia
paises-bajos-1978;Países Bajos;La Naranja Mecánica;1978;Años 70;Europa;Fútbol total;4/3/2003;Si;3/4/2003;4-1-4-1;assets/images/tacticas/paises-bajos-1978.jpeg;img/special teams/KNVB.png;Posesión, presión alta, movilidad constante, extremos interiores e intercambios de posición.;Posesión;Pase corto;Centro;Flexible;3-abr;Presión en primera línea;Centro;Agresiva;8;8;Tiqui-taca;Falso extremo;Presión alta;Marcaje estrecho: DC rival;Movilidad total|Línea adelantada|Extremos interiores
river-maquina-1941-1945;River Plate;La Máquina;1941-1945;Años 40;América;Asociación ofensiva;3-2-2-3;Si;2/3/2005;3/4/2003;assets/images/tacticas/river-maquina-1941-1945.jpg;img/special teams/River_Plate_1941.png;Adaptación jugable del histórico 2-3-5, con asociaciones cortas, movilidad y Pedernera como cerebro ofensivo.;Posesión;Pase corto;Centro;Flexible;3;Presión en primera línea;Centro;Agresiva;7;7;Tiqui-taca;Falso extremo;Presión alta;Delantero liberado: Pedernera;Delantera histórica|Pedernera falso 9|Movilidad ofensiva
barcelona-2010-2011;FC Barcelona;El Barça de Guardiola;2010-2011;Años 2010;Europa;Juego posicional;4/3/2003;Si;3/4/2003;4-1-4-1;assets/images/tacticas/barcelona-2010-2011.webp;img/teams/108.webp;Posesión, pase corto, presión tras pérdida y Messi como falso 9 entre extremos que atacan espacios.;Posesión;Pase corto;Centro;Flexible;2-mar;Presión en primera línea;Centro;Agresiva;8;8;Tiqui-taca;Falso nueve;Presión alta;Delantero liberado: Messi;Messi falso 9|Apoyos cercanos|Presión tras pérdida
ac-milan-1988-90;AC Milan;Los Inmortales;1988-1990;Años 80;Europa;Presión organizada;4/4/2002;Si;2-4-2-2;4/4/2002;assets/images/tacticas/ac-milan-1988-90.jpg;img/special teams/ac-milan-1986-1994-logo.png;Bloque corto, línea altísima, presión organizada, achique y conexión letal entre Gullit y Van Basten.;Posesión;Pase corto;Centro;Mantener formación;4;Presión en primera línea;Centro;Agresiva;9;9;Defensivo: Ancelotti;Laterales ofensivos;Presión alta;Marcaje estrecho: DC rival;Línea alta|Bloque corto|Dupla Gullit-Van Basten
arsenal-2003-2004;Arsenal FC;The Invincibles;2003-2004;Años 2000;Europa;Transición elegante;4/4/2002;Si;4-2-3-1;4-4-1-1;assets/images/tacticas/arsenal-2003-2004.jpg;img/teams/101.webp;Transiciones rápidas, Bergkamp conectando y Henry atacando espacios desde la izquierda.;Contraataque;Pase corto;Centro;Flexible;5;Defensa total;Centro;Conservadora;6;7;Falso extremo;Laterales ofensivos;Delantero liberado: Henry;Defensa atrasada;Invictos|Henry al espacio|Pires y Cole
brasil-1970;Brasil;La Canarinha del 70;1970;Años 70;América;Creatividad total;4-2-3-1;Si;3-2-4-1;4-4-1-1;assets/images/tacticas/brasil-1970.jpg;img/special teams/brasil-1968-1971-logo.png;Equipo ofensivo y flexible, con Pelé libre, Tostão falso 9 y Carlos Alberto profundo.;Posesión;Pase corto;Centro;Flexible;4;Defensa total;Centro;Conservadora;5;6;Falso nueve;Laterales ofensivos;Delantero liberado: Jairzinho;Defensa atrasada;Pelé libre|Tostão falso 9|Carlos Alberto
inter-2009-2010;Inter;El Inter del Triplete;2009-2010;Años 2010;Europa;Bloque compacto;4-2-3-1;Si;4-2-1-3;4-4-1-1;assets/images/tacticas/inter-2009-2010.webp;img/special teams/inter-milan-2009-2010-logo.png;Bloque inteligente y letal, con Sneijder lanzando contras y Milito definiendo.;Contraataque;Pase corto;Centro;Mantener formación;6;Defensa total;Centro;Conservadora;4;9;Defensivo: Cambiasso;Laterales ofensivos;Delantero liberado: Milito;Defensa atrasada;Triplete|Sneijder libre|Bloque bajo
real-madrid-2016-2018;Real Madrid;El Madrid de las 3 Champions;2016-2018;Años 2010;Europa;Jerarquía ofensiva;4/3/2003;Si;2-3-2-3;4-1-4-1;assets/images/tacticas/real-madrid-2016-2018.webp;img/teams/109.webp;Transiciones de élite con Bale atacando espacios, Benzema asociando y Cristiano definiendo.;Contraataque;Pase corto;Banda;Flexible;6;Defensa total;Centro;Conservadora;6;7;Laterales ofensivos;Centros al área;Delantero liberado: Cristiano Ronaldo;Defensa atrasada;BBC|Laterales profundos|Champions
liverpool-2018-2020;Liverpool FC;Los Reds de Klopp;2018-2020;Años 2010;Europa;Gegenpress vertical;4/3/2003;Si;2-3-2-3;4-1-4-1;assets/images/tacticas/liverpool-2018-2020.jpg;img/special teams/Liverpool FC.png;Presión alta, laterales creativos y tridente móvil con Firmino como falso 9.;Contraataque;Pase corto;Banda;Flexible;5;Presión en primera línea;Banda;Agresiva;8;8;Laterales ofensivos;Falso nueve;Presión alta;Delantero liberado: Salah;Gegenpress|Laterales creativos|Tridente móvil
espana-2010;España;La Roja del tiki-taka;2010;Años 2010;Europa;Control y posesión;4-2-3-1;Si;2-3-4-1;4-4-1-1;assets/images/tacticas/espana-2010.jpeg;img/special teams/Espana.png;Control absoluto con posesión, pase corto y superioridad interior alrededor de Xavi.;Posesión;Pase corto;Centro;Flexible;3;Presión en primera línea;Centro;Conservadora;6;8;Tiqui-taca;Falso extremo;Presión alta;Marcaje estrecho: DC rival;Tiki-taka|Xavi organizador|Superioridad interior
ajax-1994-1995;AFC Ajax;El Ajax campeón de Europa;1994-1995;Años 90;Europa;Escuela Ajax;3/4/2003;Si;3-3-1-3;4-1-4-1;assets/images/tacticas/ajax-1994-1995.jpg;img/special teams/Jong Ajax.png;Posesión, presión alta, extremos abiertos y Litmanen flotando entre líneas.;Posesión;Pase corto;Banda;Flexible;3;Presión en primera línea;Banda;Agresiva;8;8;Ensanchar la cancha;Tiqui-taca;Presión alta;Marcaje estrecho: DC rival;Extremos abiertos|Litmanen libre|Presión alta
manchester-united-1998-1999;Manchester United;El United del triplete;1998-1999;Años 90;Europa;Bandas clásicas;4/4/2002;Si;2-4-2-2;4/4/2002;assets/images/tacticas/manchester-united-1998-1999.jpg;img/special teams/manchester-united-1993-1998-logo.png;4-4-2 clásico, bandas abiertas y dupla Yorke-Cole atacando el área con ritmo alto.;Contraataque;Pase corto;Banda;Mantener formación;5;Presión en primera línea;Banda;Agresiva;6;7;Ensanchar la cancha;Centros al área;Presión alta;Delantero liberado: Andy Cole;Triplete|Bandas abiertas|Yorke y Cole
bayern-munich-2012-2013;Bayern Múnich;El Bayern del triplete;2012-2013;Años 2010;Europa;Presión equilibrada;4-2-3-1;Si;2-4-3-1;4-4-1-1;assets/images/tacticas/bayern-munich-2012-2013.jpg;img/special teams/bayern-munchen-2002-2017-logo.png;Presión alta, bandas letales y equilibrio total con Robben, Ribéry, Müller y Mandzukic.;Contraataque;Pase corto;Banda;Flexible;5;Presión en primera línea;Banda;Agresiva;7;8;Laterales ofensivos;Rotación de banda;Presión alta;Delantero liberado: Robben;Triplete|Robben y Ribéry|Presión alta
chelsea-2004-2005;Chelsea;El Chelsea blindado;2004-2005;Años 2000;Europa;Bloque físico;4/3/2003;Si;4-1-2-3;4-1-4-1;assets/images/tacticas/chelsea-2004-2005.jpg;img/special teams/chelsea-fc-2003-2005-logo.png;Bloque compacto, Makelele protegiendo, Lampard llegando y Drogba como referencia total.;Contraataque;Pase corto;Banda;Mantener formación;6;Defensa total;Centro;Conservadora;5;9;Defensivo: Makelele;Centros al área;Delantero liberado: Drogba;Defensa atrasada;Bloque compacto|Drogba referencia|Lampard llegador
real-madrid-2001-2002;Real Madrid;Los Galácticos;2001-2002;Años 2000;Europa;Talento técnico;4-2-3-1;Si;2-4-3-1;4-4-1-1;assets/images/tacticas/real-madrid-2001-2002.jpg;img/special teams/real-madrid-1998-2002-logo.png;Posesión técnica con Zidane libre, Figo desequilibrando y Roberto Carlos dando profundidad.;Posesión;Pase corto;Banda;Flexible;4;Defensa total;Centro;Conservadora;5;7;Laterales ofensivos;Tiqui-taca;Delantero liberado: Raúl;Defensa atrasada;Zidane libre|Figo creativo|Roberto Carlos
manchester-city-2022-2023;Manchester City;El City del triplete;2022-2023;Años 2020;Europa;Control territorial;3-2-4-1;Si;3-2-4-1;4/4/2002;assets/images/tacticas/manchester-city-2022-2023.jpeg;img/teams/173.webp;Control moderno con Rodri-Stones sosteniendo, De Bruyne creando y Haaland fijando centrales.;Posesión;Pase corto;Centro;Flexible;3;Presión en primera línea;Centro;Agresiva;8;8;Tiqui-taca;Centros al área;Presión alta;Marcaje estrecho: DC rival;Control territorial|Rodri y Stones|Haaland referencia
argentina-1986;Argentina;La Argentina de Maradona;1986;Años 80;América;Maradona libre;3-4-1-2;Si;3-3-1-3;5-3-1-1;assets/images/tacticas/argentina-1986.jpg;img/special teams/argentina-1982-1986-logo.png;Equipo compacto con tres centrales, carrileros y Maradona libre para decidir.;Contraataque;Pase corto;Centro;Flexible;5;Defensa total;Centro;Conservadora;5;8;Defensivo: Batista;Tiqui-taca;Delantero liberado: Maradona;Defensa atrasada;Maradona libre|Tres centrales|Carrileros
francia-1998;Francia;Les Bleus campeones;1998;Años 90;Europa;Solidez y control;4-3-1-2;Si;4-2-3-1;4/5/2001;assets/images/tacticas/francia-1998.jpg;img/special teams/francia-1970-1998-logo.png;Equipo físico y equilibrado, con Zidane creando y un bloque central muy difícil de romper.;Posesión;Pase corto;Centro;Mantener formación;4;Defensa total;Centro;Conservadora;5;8;Defensivo: Deschamps;Tiqui-taca;Marcaje estrecho: DC rival;Defensa atrasada;Zidane libre|Solidez central|Mediocampo físico
juventus-2014-2015;Juventus;La Juve de Pirlo y Tévez;2014-2015;Años 2010;Europa;Dominio interior;4-3-1-2;Si;3-4-1-2;4/4/2002;assets/images/tacticas/juventus-2014-2015.jpg;img/special teams/juventus-fc-2004-2015-logo.png;Mediocampo de élite con Pirlo organizando, Pogba rompiendo líneas y Tévez libre arriba.;Posesión;Pase corto;Centro;Flexible;4;Defensa total;Centro;Agresiva;6;8;Tiqui-taca;Defensivo: Pirlo;Delantero liberado: Tévez;Marcaje estrecho: DC rival;Pirlo organizador|Pogba llegada|Tévez libre
borussia-dortmund-2012-2013;Borussia Dortmund;El Dortmund del gegenpress;2012-2013;Años 2010;Europa;Gegenpress vertical;4-2-3-1;Si;2-4-3-1;4-4-1-1;assets/images/tacticas/borussia-dortmund-2012-2013.webp;img/teams/126.webp;Presión altísima, transiciones verticales, Götze conectando y Lewandowski como delantero completo.;Contraataque;Pase corto;Centro;Flexible;5;Presión en primera línea;Banda;Agresiva;8;8;Rotación de banda;Falso extremo;Presión alta;Delantero liberado: Reus;Gegenpress|Reus al espacio|Lewandowski
roma-2000-2001;AS Roma;La Roma de Capello;2000-2001;Años 2000;Europa;Enganche y carrileros;3-4-1-2;Si;3-2-3-2;5-3-1-1;assets/images/tacticas/roma-2000-2001.jpg;img/special teams/as-roma-1997-2013-logo.png;Totti libre, Batistuta como referencia y carrileros profundos en un equipo fuerte y técnico.;Posesión;Pase corto;Centro;Flexible;4;Defensa total;Centro;Conservadora;5;8;Laterales ofensivos;Centros al área;Delantero liberado: Batistuta;Defensa atrasada;Totti libre|Batistuta referencia|Carrileros
psg-2024-2025;Paris Saint-Germain;El PSG coral de Luis Enrique;2024-2025;Años 2020;Europa;Posesión dinámica;4/3/2003;Si;2-3-2-3;4-1-4-1;assets/images/tacticas/psg-2024-2025.jpg;img/teams/114.webp;Presión alta, circulación corta, laterales profundos y extremos agresivos en un equipo coral.;Posesión;Pase corto;Centro;Flexible;3;Presión en primera línea;Centro;Agresiva;8;8;Tiqui-taca;Laterales ofensivos;Presión alta;Marcaje estrecho: DC rival;Presión alta|Vitinha eje|Extremos móviles
bayer-leverkusen-2023-2024;Bayer Leverkusen;El Leverkusen de Xabi Alonso;2023-2024;Años 2020;Europa;Carrileros altísimos;3-4-2-1;Si;3/2/2005;5/4/2001;assets/images/tacticas/bayer-leverkusen-2023-2024.jpg;img/teams/2349.webp;Control paciente, carrileros muy altos, Wirtz entre líneas y Xhaka manejando tiempos.;Posesión;Pase corto;Centro;Flexible;3;Presión en primera línea;Centro;Conservadora;7;8;Laterales ofensivos;Tiqui-taca;Presión alta;Marcaje estrecho: DC rival;Carrileros altos|Wirtz libre|Control paciente
atalanta-2023-2024;Atalanta;La Atalanta de Gasperini;2023-2024;Años 2020;Europa;Presión hombre a hombre;3-4-2-1;Si;3-2-4-1;5-2-2-1;assets/images/tacticas/atalanta-2023-2024.webp;img/special teams/Atalanta Bergamasca Calcio.png;Presión agresiva, carrileros intensos, verticalidad y Scamacca como referencia de descarga.;Contraataque;Pase corto;Centro;Flexible;5;Presión en primera línea;Centro;Agresiva;7;8;Rotación de banda;Centros al área;Presión alta;Marcaje estrecho: DC rival;Presión al hombre|Carrileros|Scamacca referencia
leicester-city-2015-2016;Leicester City;El Leicester de Ranieri;2015-2016;Años 2010;Europa;Contraataque puro;4/4/2002;Si;4-4-1-1;4/4/2002;assets/images/tacticas/leicester-city-2015-2016.jpg;img/special teams/Leicester City FC.png;Bloque compacto, Kanté robando, Mahrez inventando y Vardy atacando espacios.;Contraataque;Pase largo;Centro;Mantener formación;7;Defensa total;Centro;Conservadora;4;8;Defensivo: Kanté;Ensanchar la cancha;Delantero liberado: Vardy;Defensa atrasada;Bloque bajo|Vardy al espacio|Kanté roba
grecia-2004;Grecia;La Grecia de Rehhagel;2004;Años 2000;Europa;Defensa extrema;4/5/2001;Si;4-4-1-1;4/5/2001;assets/images/tacticas/grecia-2004.jpg;img/special teams/grecia-2004-logo.png;Bloque muy bajo, juego aéreo, pelota parada y máxima eficacia para competir cada partido.;Contraataque;Pase largo;Banda;Mantener formación;7;Defensa total;Centro;Conservadora;3;9;Centros al área;Defensivo: Zagorakis;Defensa atrasada;Poblar el área;Bloque bajo|Pelota parada|Charisteas
porto-2003-2004;FC Porto;El Porto de Mourinho;2003-2004;Años 2000;Europa;Bloque inteligente;4-3-1-2;Si;2-3-3-2;4/4/2002;assets/images/tacticas/porto-2003-2004.webp;img/special teams/fc-porto-2002-2010-logo.png;Equipo compacto con Costinha equilibrando, Deco libre y laterales dando amplitud.;Contraataque;Pase corto;Centro;Mantener formación;5;Defensa total;Centro;Conservadora;5;8;Defensivo: Costinha;Laterales ofensivos;Delantero liberado: Derlei;Marcaje estrecho: DC rival;Deco libre|Costinha ancla|Laterales amplios
inter-2020-2021;Inter;El Inter de Conte;2020-2021;Años 2020;Europa;Automatismos de carrileros;3/5/2002;Si;3-3-2-2;5/3/2002;assets/images/tacticas/inter-2020-2021.webp;img/special teams/FC Internazionale.png;3-5-2 de carrileros profundos, Brozovic como eje y dupla Lukaku-Lautaro arriba.;Contraataque;Pase corto;Banda;Mantener formación;5;Defensa total;Centro;Conservadora;5;8;Laterales ofensivos;Centros al área;Delantero liberado: Lukaku;Defensa atrasada;Carrileros|Brozovic eje|Lukaku-Lautaro
chile-2015;Chile;El Chile de Sampaoli;2015;Años 2010;América;Presión valiente;3-4-1-2;Si;3-2-3-2;5/3/2002;assets/images/tacticas/chile-2015.jpg;img/special teams/chile-2010-logo.png;Presión alta, carrileros, intensidad y libertad para Alexis y Vidal entre líneas.;Posesión;Pase corto;Centro;Flexible;4;Presión en primera línea;Centro;Agresiva;8;8;Laterales ofensivos;Rotación de banda;Presión alta;Marcaje estrecho: DC rival;Presión alta|Alexis libre|Carrileros
italia-2006;Italia;La Italia de Lippi;2006;Años 2000;Europa;Oficio italiano;4-3-1-2;Si;4-3-1-2;4-4-1-1;assets/images/tacticas/italia-2006.jpg;img/special teams/italia-2006-logo.png;Equipo equilibrado con Pirlo organizando, Gattuso protegiendo, Totti libre y defensa fuerte.;Posesión;Pase corto;Centro;Mantener formación;4;Defensa total;Centro;Conservadora;5;8;Defensivo: Pirlo;Centros al área;Marcaje estrecho: DC rival;Defensa atrasada;Pirlo regista|Totti libre|Defensa fuerte
napoli-1986-1987;Napoli;El Napoli de Maradona;1986-1987;Años 80;Europa;Maradona libre;3-4-1-2;Si;3-3-1-3;5-3-1-1;assets/images/tacticas/napoli-1986-1987.jpg;img/special teams/ssc-napoli-1985-1997-logo.png;Bloque sacrificado alrededor de Maradona, que queda libre para recibir y decidir cada ataque.;Contraataque;Pase corto;Centro;Flexible;5;Defensa total;Centro;Conservadora;5;8;Tiqui-taca;Defensivo: De Napoli;Delantero liberado: Maradona;Defensa atrasada;Maradona libre|Bloque compacto|Sacrificio
fluminense-2022-2023;Fluminense;El Fluminense de Diniz;2022-2023;Años 2020;América;Dinizismo asociativo;4-2-3-1;Si;2/3/2005;4/4/2002;assets/images/tacticas/fluminense-2022-2023.jpg;img/special teams/fluminense-2015-logo.png;Salida extremadamente corta, acumulaciones de jugadores cerca del balón, apoyos constantes y mucha libertad para asociarse por dentro.;Posesión;Pase corto;Centro;Flexible;2;Presión en primera línea;Centro;Agresiva;7;7;Tiqui-taca;Laterales ofensivos;Presión alta;Delantero liberado: Cano;Acumulaciones alrededor del balón|Salida corta arriesgada|Cano como finalizador
sheffield-united-2019-2020;Sheffield United;Los centrales superpuestos de Wilder;2019-2020;Años 2010;Europa;Centrales superpuestos;3/5/2002;Si;3/2/2005;5/3/2002;assets/images/tacticas/sheffield-united-2019-2020.jpg;img/special teams/sheffield-united-1999-logo.png;Sistema de tres centrales con los zagueros exteriores proyectándose por fuera, carrileros altos y ataques muy trabajados por las bandas.;Posesión;Pase corto;Banda;Flexible;5;Defensa total;Banda;Agresiva;6;8;Laterales ofensivos;Centros al área;Marcaje estrecho: DC rival;Presión alta;Centrales superpuestos|Carrileros profundos|Superioridad por banda
roma-2006-2007;AS Roma;La Roma del 4-6-0;2006-2007;Años 2000;Europa;Falso nueve extremo;4-2-3-1;Si;4/6/2000;4-4-1-1;assets/images/tacticas/roma-2006-2007.jpg;img/special teams/as-roma-1997-2013-logo.png;Spalletti vacía el área de un nueve fijo: Totti baja a crear, los extremos atacan los espacios y los mediocampistas llegan desde segunda línea.;Posesión;Pase corto;Centro;Flexible;3;Presión en primera línea;Centro;Agresiva;7;8;Falso nueve;Tiqui-taca;Delantero liberado: Totti;Presión alta;Totti falso 9|Sin delantero fijo|Llegadas desde segunda línea
leeds-united-2019-2021;Leeds United;El Leeds de Bielsa;2019-2021;Años 2010;Europa;Bielsismo total;4-1-4-1;Si;3/3/2004;4-1-4-1;assets/images/tacticas/leeds-united-2019-2021.jpg;img/special teams/leeds-united-2002-logo.png;Ritmo altísimo, presión hombre a hombre, laterales profundos, amplitud y ataques verticales con movimientos constantes.;Posesión;Pase corto;Banda;Flexible;4;Presión en primera línea;Banda;Agresiva;8;8;Laterales ofensivos;Rotación de banda;Presión alta;Marcaje estrecho: DC rival;Presión hombre a hombre|Ritmo altísimo|Laterales profundos
brighton-2022-2023;Brighton & Hove Albion;El Brighton de De Zerbi;2022-2023;Años 2020;Europa;Provocar para progresar;4-2-3-1;Si;2/4/2004;4/4/2002;assets/images/tacticas/brighton-2022-2023.jpg;img/special teams/brighton-hove-albion-2011-logo.png;Salida muy paciente desde el fondo para atraer la presión rival, generar un hombre libre y acelerar de golpe hacia los atacantes.;Posesión;Pase corto;Centro;Flexible;2;Presión en primera línea;Centro;Agresiva;7;7;Tiqui-taca;Ensanchar la cancha;Presión alta;Marcaje estrecho: DC rival;Atraer la presión|Salida corta extrema|Acelerar tras liberar espacio
bologna-2023-2024;Bologna;El Bologna de Thiago Motta;2023-2024;Años 2020;Europa;Posiciones intercambiables;4-2-3-1;Si;2/3/2005;4/4/2002;assets/images/tacticas/bologna-2023-2024.jpg;img/special teams/bologna-fc-2018-logo.png;Juego posicional muy móvil, centrales que conducen, laterales que se meten por dentro y constantes intercambios para crear superioridades.;Posesión;Pase corto;Centro;Flexible;3;Presión en primera línea;Centro;Agresiva;7;8;Tiqui-taca;Falso extremo;Presión alta;Marcaje estrecho: DC rival;Intercambios de posición|Laterales interiores|Centrales conductores
hungria-1953-1954;Hungría;Los Magiares Mágicos;1953-1954;Años 50;Europa;WM revolucionado;3-2-3-2;Si;3-2-2-3;3-2-3-2;assets/images/tacticas/hungria-1953-1954.jpg;img/special teams/hungria-1956-1989-logo.png;Hidegkuti retrocede desde el centro del ataque para arrastrar marcas, mientras Puskás y Kocsis atacan los espacios con asociaciones constantes.;Posesión;Pase corto;Centro;Flexible;3;Presión en primera línea;Centro;Agresiva;7;7;Falso nueve;Tiqui-taca;Delantero liberado: Puskás;Marcaje estrecho: DC rival;Hidegkuti baja a crear|Puskás ataca espacios|Movilidad revolucionaria
dynamo-kyiv-1985-1986;Dynamo Kyiv;El laboratorio de Lobanovskyi;1985-1986;Años 80;Europa;Fútbol científico;4/4/2002;Si;2/4/2004;4/4/2002;assets/images/tacticas/dynamo-kyiv-1985-1986.jpg;img/special teams/dynamo-kyiv-1972-1989-logo.png;Movimientos colectivos mecanizados, presión coordinada, gran preparación física y transiciones rápidas ejecutadas como una unidad.;Contraataque;Pase corto;Banda;Flexible;4;Presión en primera línea;Centro;Agresiva;8;9;Rotación de banda;Laterales ofensivos;Presión alta;Marcaje estrecho: DC rival;Presión coordinada|Movimientos mecanizados|Transición colectiva
brasil-1982;Brasil;El Brasil de Telê Santana;1982;Años 80;América;Jogo bonito total;4-2-2-2;Si;2/3/2005;4/4/2002;assets/images/tacticas/brasil-1982.jpg;img/special teams/brasil-1980-1985-logo.png;Equipo técnico y ofensivo con Zico, Sócrates y Falcão asociándose por dentro, laterales profundos y libertad creativa permanente.;Posesión;Pase corto;Centro;Flexible;3;Defensa total;Centro;Conservadora;5;6;Tiqui-taca;Laterales ofensivos;Delantero liberado: Zico;Defensa atrasada;Zico-Sócrates-Falcão|Laterales profundos|Libertad creativa
inter-1964-1965;Inter;La Grande Inter;1964-1965;Años 60;Europa;Catenaccio letal;5/3/2002;Si;3/4/2003;5/3/2002;assets/images/tacticas/inter-1964-1965.jpg;img/special teams/inter-milan-1960-1965-logo.png;Bloque defensivo extremadamente compacto, líbero por detrás de la zaga y salidas rápidas con Jair, Mazzola y las subidas de Facchetti.;Contraataque;Pase largo;Banda;Mantener formación;7;Defensa total;Centro;Conservadora;3;9;Centros al área;Laterales ofensivos;Defensa atrasada;Poblar el área;Catenaccio|Facchetti profundo|Contraataque con Mazzola
