position;model_name;feature;weight
CB;AnchorElasticNet;__intercept__;0,0
CB;AnchorElasticNet;attacking_prowess;0,15800387096075186
CB;AnchorElasticNet;ball_control;0,0
CB;AnchorElasticNet;dribbling;0,0
CB;AnchorElasticNet;low_pass;0,0
CB;AnchorElasticNet;lofted_pass;0,0
CB;AnchorElasticNet;finishing;0,06476560689117918
CB;AnchorElasticNet;header;0,0
CB;AnchorElasticNet;defensive_prowess;0,0
CB;AnchorElasticNet;ball_winning;0,0
CB;AnchorElasticNet;kicking_power;0,0
CB;AnchorElasticNet;speed;0,10174045502292077
CB;AnchorElasticNet;explosive_power;0,0
CB;AnchorElasticNet;body_control;0,0
CB;AnchorElasticNet;physical_contact;0,0
CB;AnchorElasticNet;jump;0,0
CB;AnchorElasticNet;stamina;0,12228058702346295
LB;AnchorLinearRegression;__intercept__;0,0
LB;AnchorLinearRegression;attacking_prowess;0,22195080159795214
LB;AnchorLinearRegression;ball_control;0,0
LB;AnchorLinearRegression;dribbling;0,0
LB;AnchorLinearRegression;low_pass;0,0
LB;AnchorLinearRegression;lofted_pass;0,0
LB;AnchorLinearRegression;finishing;0,1946057366080842
LB;AnchorLinearRegression;header;0,0
LB;AnchorLinearRegression;defensive_prowess;0,0
LB;AnchorLinearRegression;ball_winning;0,0
LB;AnchorLinearRegression;kicking_power;0,01724533224588495
LB;AnchorLinearRegression;speed;0,1859035073648921
LB;AnchorLinearRegression;explosive_power;0,0
LB;AnchorLinearRegression;body_control;0,0
LB;AnchorLinearRegression;physical_contact;0,0
LB;AnchorLinearRegression;jump;0,0
LB;AnchorLinearRegression;stamina;0,14379210167234469
RB;AnchorLinearRegression;__intercept__;0,0
RB;AnchorLinearRegression;attacking_prowess;0,24848175152371502
RB;AnchorLinearRegression;ball_control;0,0
RB;AnchorLinearRegression;dribbling;0,0
RB;AnchorLinearRegression;low_pass;0,0
RB;AnchorLinearRegression;lofted_pass;0,0
RB;AnchorLinearRegression;finishing;0,25415742158769256
RB;AnchorLinearRegression;header;0,0
RB;AnchorLinearRegression;defensive_prowess;0,0
RB;AnchorLinearRegression;ball_winning;0,0
RB;AnchorLinearRegression;kicking_power;0,0
RB;AnchorLinearRegression;speed;0,20686000881452773
RB;AnchorLinearRegression;explosive_power;0,0
RB;AnchorLinearRegression;body_control;0,0
RB;AnchorLinearRegression;physical_contact;0,0
RB;AnchorLinearRegression;jump;0,0
RB;AnchorLinearRegression;stamina;0,15394045537655127
DMF;AnchorLinearRegression;__intercept__;0,0
DMF;AnchorLinearRegression;attacking_prowess;0,30075644091003845
DMF;AnchorLinearRegression;ball_control;0,0
DMF;AnchorLinearRegression;dribbling;0,0
DMF;AnchorLinearRegression;low_pass;0,0
DMF;AnchorLinearRegression;lofted_pass;0,0
DMF;AnchorLinearRegression;finishing;0,26555613488874374
DMF;AnchorLinearRegression;header;0,0
DMF;AnchorLinearRegression;defensive_prowess;0,0
DMF;AnchorLinearRegression;ball_winning;0,0
DMF;AnchorLinearRegression;kicking_power;0,12928451348642872
DMF;AnchorLinearRegression;speed;0,3332193981000379
DMF;AnchorLinearRegression;explosive_power;0,0
DMF;AnchorLinearRegression;body_control;0,0
DMF;AnchorLinearRegression;physical_contact;0,0
DMF;AnchorLinearRegression;jump;0,0
DMF;AnchorLinearRegression;stamina;0,14979257821520506
CMF;AnchorLinearRegression;__intercept__;0,0
CMF;AnchorLinearRegression;attacking_prowess;0,21420760607154518
CMF;AnchorLinearRegression;ball_control;0,0
CMF;AnchorLinearRegression;dribbling;0,0
CMF;AnchorLinearRegression;low_pass;0,0
CMF;AnchorLinearRegression;lofted_pass;0,020586605753476837
CMF;AnchorLinearRegression;finishing;0,28225011443277725
CMF;AnchorLinearRegression;header;0,0
CMF;AnchorLinearRegression;defensive_prowess;0,0
CMF;AnchorLinearRegression;ball_winning;0,0
CMF;AnchorLinearRegression;kicking_power;0,06705042121040534
CMF;AnchorLinearRegression;speed;0,33239609824780714
CMF;AnchorLinearRegression;explosive_power;0,0
CMF;AnchorLinearRegression;body_control;0,0
CMF;AnchorLinearRegression;physical_contact;0,0
CMF;AnchorLinearRegression;jump;0,0
CMF;AnchorLinearRegression;stamina;0,09658013111831366
LMF;AnchorLasso;__intercept__;0,0
LMF;AnchorLasso;attacking_prowess;0,13818536156782948
LMF;AnchorLasso;ball_control;0,0
LMF;AnchorLasso;dribbling;0,0
LMF;AnchorLasso;low_pass;0,0
LMF;AnchorLasso;lofted_pass;0,004125308959915872
LMF;AnchorLasso;finishing;0,09613984304104074
LMF;AnchorLasso;header;0,0
LMF;AnchorLasso;defensive_prowess;0,0
LMF;AnchorLasso;ball_winning;0,0
LMF;AnchorLasso;kicking_power;0,0
LMF;AnchorLasso;speed;0,09098966529068059
LMF;AnchorLasso;explosive_power;0,0
LMF;AnchorLasso;body_control;0,0
LMF;AnchorLasso;physical_contact;0,0
LMF;AnchorLasso;jump;0,11122527878523855
LMF;AnchorLasso;stamina;0,0014882741297511026
RMF;AnchorElasticNet;__intercept__;0,0
RMF;AnchorElasticNet;attacking_prowess;0,19498979562886073
RMF;AnchorElasticNet;ball_control;0,0
RMF;AnchorElasticNet;dribbling;0,0
RMF;AnchorElasticNet;low_pass;0,0
RMF;AnchorElasticNet;lofted_pass;0,026858877009581787
RMF;AnchorElasticNet;finishing;0,13744845816622833
RMF;AnchorElasticNet;header;0,0
RMF;AnchorElasticNet;defensive_prowess;0,0
RMF;AnchorElasticNet;ball_winning;0,0
RMF;AnchorElasticNet;kicking_power;0,01928906262740728
RMF;AnchorElasticNet;speed;0,16326587574351648
RMF;AnchorElasticNet;explosive_power;0,0
RMF;AnchorElasticNet;body_control;0,0
RMF;AnchorElasticNet;physical_contact;0,0
RMF;AnchorElasticNet;jump;0,0984787579927767
RMF;AnchorElasticNet;stamina;0,08635608955226354
AMF;AnchorElasticNet;__intercept__;0,0
AMF;AnchorElasticNet;attacking_prowess;0,11440272317357464
AMF;AnchorElasticNet;ball_control;0,0
AMF;AnchorElasticNet;dribbling;0,0
AMF;AnchorElasticNet;low_pass;0,0
AMF;AnchorElasticNet;lofted_pass;0,021669747045899298
AMF;AnchorElasticNet;finishing;0,08238947104344169
AMF;AnchorElasticNet;header;0,0
AMF;AnchorElasticNet;defensive_prowess;0,0
AMF;AnchorElasticNet;ball_winning;0,0
AMF;AnchorElasticNet;kicking_power;0,10063656359427985
AMF;AnchorElasticNet;speed;0,21116884061950217
AMF;AnchorElasticNet;explosive_power;0,0
AMF;AnchorElasticNet;body_control;0,0
AMF;AnchorElasticNet;physical_contact;0,0
AMF;AnchorElasticNet;jump;0,0009171137137365348
AMF;AnchorElasticNet;stamina;0,050892941089513206
LWF;AnchorLasso;__intercept__;0,0
LWF;AnchorLasso;attacking_prowess;0,2602888211594715
LWF;AnchorLasso;ball_control;0,0
LWF;AnchorLasso;dribbling;0,0
LWF;AnchorLasso;low_pass;0,0
LWF;AnchorLasso;lofted_pass;0,020977186118827353
LWF;AnchorLasso;finishing;0,05334198720121113
LWF;AnchorLasso;header;0,0
LWF;AnchorLasso;defensive_prowess;0,0
LWF;AnchorLasso;ball_winning;0,0
LWF;AnchorLasso;kicking_power;0,04177561073068741
LWF;AnchorLasso;speed;0,20362455034887542
LWF;AnchorLasso;explosive_power;0,0
LWF;AnchorLasso;body_control;0,0
LWF;AnchorLasso;physical_contact;0,0
LWF;AnchorLasso;jump;0,06379510527261098
LWF;AnchorLasso;stamina;0,20097221903911217
RWF;AnchorElasticNet;__intercept__;0,0
RWF;AnchorElasticNet;attacking_prowess;0,28036742011639926
RWF;AnchorElasticNet;ball_control;0,0
RWF;AnchorElasticNet;dribbling;0,0
RWF;AnchorElasticNet;low_pass;0,0
RWF;AnchorElasticNet;lofted_pass;0,0
RWF;AnchorElasticNet;finishing;0,1211622259791287
RWF;AnchorElasticNet;header;0,0
RWF;AnchorElasticNet;defensive_prowess;0,0
RWF;AnchorElasticNet;ball_winning;0,0
RWF;AnchorElasticNet;kicking_power;0,05768798919474469
RWF;AnchorElasticNet;speed;0,29801840286506115
RWF;AnchorElasticNet;explosive_power;0,0
RWF;AnchorElasticNet;body_control;0,0
RWF;AnchorElasticNet;physical_contact;0,0
RWF;AnchorElasticNet;jump;0,03391137506341995
RWF;AnchorElasticNet;stamina;0,25311145449673267
SS;AnchorRidge;__intercept__;0,0
SS;AnchorRidge;attacking_prowess;0,08510845685315947
SS;AnchorRidge;ball_control;0,0
SS;AnchorRidge;dribbling;0,0
SS;AnchorRidge;low_pass;0,0
SS;AnchorRidge;lofted_pass;0,0
SS;AnchorRidge;finishing;0,04521580500062882
SS;AnchorRidge;header;0,0
SS;AnchorRidge;defensive_prowess;0,0
SS;AnchorRidge;ball_winning;0,0
SS;AnchorRidge;kicking_power;0,03682536413374446
SS;AnchorRidge;speed;0,016436215564042518
SS;AnchorRidge;explosive_power;0,0
SS;AnchorRidge;body_control;0,0
SS;AnchorRidge;physical_contact;0,0
SS;AnchorRidge;jump;0,11397685502338557
SS;AnchorRidge;stamina;0,08471099403473717
CF;AnchorLinearRegression;__intercept__;0,0
CF;AnchorLinearRegression;attacking_prowess;0,21982943597710472
CF;AnchorLinearRegression;ball_control;0,0
CF;AnchorLinearRegression;dribbling;0,0
CF;AnchorLinearRegression;low_pass;0,0
CF;AnchorLinearRegression;lofted_pass;0,08442026067118165
CF;AnchorLinearRegression;finishing;0,33423059086673373
CF;AnchorLinearRegression;header;0,0
CF;AnchorLinearRegression;defensive_prowess;0,0
CF;AnchorLinearRegression;ball_winning;0,0
CF;AnchorLinearRegression;kicking_power;0,004424814627063463
CF;AnchorLinearRegression;speed;0,24641814963210157
CF;AnchorLinearRegression;explosive_power;0,0
CF;AnchorLinearRegression;body_control;0,0
CF;AnchorLinearRegression;physical_contact;0,0
CF;AnchorLinearRegression;jump;0,0
CF;AnchorLinearRegression;stamina;0,1783247943620665
