position;model_type;model_name;n_train;n_test;mae;rmse;pct_error_le_1;pct_error_le_2;pct_integer_exact;pct_integer_error_le_1;pct_integer_error_le_2;selected_for_prediction
GK;anchored_formula;AnchorCurve;1240;311;1,2540192926045015;1,652290235554286;51,446945337620576;81,02893890675242;27,009646302250808;70,7395498392283;87,45980707395499;False
GK;anchored_formula;AnchorLinearRegression;1240;311;0,9536481361577342;1,271348182132259;61,09324758842444;88,7459807073955;36,97749196141479;80,70739549839229;94,85530546623794;False
GK;anchored_formula;AnchorRidge;1240;311;0,9549956529829623;1,2738844897728812;61,09324758842444;88,42443729903538;37,62057877813505;80,70739549839229;94,53376205787781;False
GK;anchored_formula;AnchorLasso;1240;311;0,9551647042366418;1,273597749479521;59,163987138263664;88,42443729903538;37,29903536977492;80,06430868167203;94,21221864951768;False
GK;anchored_formula;AnchorElasticNet;1240;311;0,954627214922507;1,272599594715472;59,4855305466238;88,42443729903538;36,97749196141479;80,38585209003215;94,21221864951768;False
GK;anchored_formula;AnchorExtraTrees;1240;311;0,9034998103029839;1,2036706020432633;65,91639871382637;90,03215434083602;37,942122186495176;81,67202572347267;96,46302250803859;False
GK;anchored_formula;AnchorRandomForest;1240;311;0,8863608223301168;1,1662097222368721;66,55948553054662;92,92604501607717;34,08360128617363;82,95819935691318;96,14147909967846;True
GK;anchored_formula;AnchorHistGradient;1240;311;1,0047212058068427;1,3075180001109619;62,057877813504824;87,78135048231512;30,22508038585209;78,77813504823152;94,21221864951768;False
GK;anchored_formula;AnchorGradientBoosting;1240;311;1,1147907079165051;1,4192787957176394;48,87459807073955;86,81672025723472;28,617363344051448;74,91961414790997;92,92604501607717;False
CB;anchored_formula;AnchorCurve;1796;449;1,2148106904231626;1,57693008219496;52,56124721603563;80,62360801781738;28,06236080178174;68,15144766146993;87,97327394209354;False
CB;anchored_formula;AnchorLinearRegression;1796;449;0,620924957714141;0,8087375352822964;81,06904231625836;97,32739420935413;48,9977728285078;93,76391982182628;99,33184855233853;False
CB;anchored_formula;AnchorRidge;1796;449;0,6227044276111101;0,81015757987999;81,06904231625836;97,32739420935413;48,9977728285078;93,76391982182628;99,33184855233853;False
CB;anchored_formula;AnchorLasso;1796;449;0,625036937823567;0,8062201240801044;81,51447661469933;97,32739420935413;48,775055679287306;93,0957683741648;99,55456570155901;False
CB;anchored_formula;AnchorElasticNet;1796;449;0,6213275870283862;0,8058292837768045;81,29175946547885;97,32739420935413;49,220489977728285;93,98663697104676;99,33184855233853;True
CB;anchored_formula;AnchorExtraTrees;1796;449;2,3950968819599123;2,477059597283136;2,2271714922048997;22,494432071269486;0,6681514476614699;7,349665924276169;58,12917594654788;False
CB;anchored_formula;AnchorRandomForest;1796;449;2,367931297946055;2,457581297495463;2,6726057906458798;26,948775055679285;0,8908685968819599;8,240534521158128;58,57461024498887;False
CB;anchored_formula;AnchorHistGradient;1796;449;2,501486407148586;2,577428412062176;1,1135857461024499;19,15367483296214;0,0;5,122494432071269;52,338530066815146;False
CB;anchored_formula;AnchorGradientBoosting;1796;449;2,7573866283493382;2,8234284768302835;0,4454342984409799;9,799554565701559;0,0;2,2271714922048997;33,85300668151447;False
LB;anchored_formula;AnchorCurve;732;184;2,0599184782608693;2,1942287815203256;6,521739130434782;50,54347826086957;1,6304347826086956;21,73913043478261;70,1086956521739;False
LB;anchored_formula;AnchorLinearRegression;732;184;0,7586240163549555;0,9698048088413644;71,19565217391305;94,02173913043478;40,21739130434783;89,67391304347827;97,82608695652173;True
LB;anchored_formula;AnchorRidge;732;184;0,769121638986061;0,9751353711053491;73,36956521739131;94,02173913043478;38,04347826086957;89,67391304347827;98,36956521739131;False
LB;anchored_formula;AnchorLasso;732;184;0,768627041102111;0,9769127124919665;74,45652173913044;95,1086956521739;38,58695652173913;88,58695652173914;97,82608695652173;False
LB;anchored_formula;AnchorElasticNet;732;184;0,7641785260773793;0,9728744301304385;73,91304347826086;94,56521739130434;38,04347826086957;89,13043478260869;97,82608695652173;False
LB;anchored_formula;AnchorExtraTrees;732;184;2,780541644021745;2,8317512332674912;0,0;4,891304347826087;0,0;1,6304347826086956;25,543478260869566;False
LB;anchored_formula;AnchorRandomForest;732;184;2,5542964221014506;2,6129358845243593;0,5434782608695652;11,956521739130435;0,0;2,717391304347826;50,0;False
LB;anchored_formula;AnchorHistGradient;732;184;2,654099630287141;2,706938192966545;0,0;8,695652173913043;0,0;1,0869565217391304;35,32608695652174;False
LB;anchored_formula;AnchorGradientBoosting;732;184;2,492712895170206;2,551036187508771;0,0;16,304347826086957;0,0;3,804347826086957;54,347826086956516;False
RB;anchored_formula;AnchorCurve;807;202;2,1667388613861385;2,3071282856986497;8,415841584158416;44,554455445544555;1,9801980198019802;19,801980198019802;63,366336633663366;False
RB;anchored_formula;AnchorLinearRegression;807;202;0,7169741505749079;0,9064899405681895;71,28712871287128;97,02970297029702;41,089108910891085;93,06930693069307;99,00990099009901;True
RB;anchored_formula;AnchorRidge;807;202;0,720024904020929;0,9087760356497101;71,78217821782178;97,02970297029702;40,5940594059406;92,57425742574257;99,00990099009901;False
RB;anchored_formula;AnchorLasso;807;202;0,7294043953194143;0,916111721350519;69,80198019801979;96,53465346534654;39,603960396039604;92,57425742574257;99,00990099009901;False
RB;anchored_formula;AnchorElasticNet;807;202;0,7216873258294639;0,9097594167637026;69,80198019801979;97,02970297029702;40,5940594059406;93,06930693069307;99,00990099009901;False
RB;anchored_formula;AnchorExtraTrees;807;202;2,3417399752475254;2,413605344477269;0,9900990099009901;28,217821782178216;0,0;8,415841584158416;59,900990099009896;False
RB;anchored_formula;AnchorRandomForest;807;202;2,375778121562156;2,4489440192320457;0,9900990099009901;28,217821782178216;0,0;7,425742574257425;56,43564356435643;False
RB;anchored_formula;AnchorHistGradient;807;202;2,2073262428247276;2,27945457756684;0,49504950495049505;36,633663366336634;0,0;10,891089108910892;69,80198019801979;False
RB;anchored_formula;AnchorGradientBoosting;807;202;1,901066604925099;1,9903888928480542;7,920792079207921;57,42574257425742;0,49504950495049505;26,732673267326735;83,16831683168317;False
DMF;anchored_formula;AnchorCurve;841;211;2,575414691943128;2,884188194838618;14,691943127962084;35,54502369668246;3,3175355450236967;25,118483412322274;45,023696682464454;False
DMF;anchored_formula;AnchorLinearRegression;841;211;0,9745963979014174;1,3125213202108477;68,24644549763033;87,20379146919431;36,96682464454976;81,51658767772511;91,9431279620853;True
DMF;anchored_formula;AnchorRidge;841;211;0,9746911487255;1,3111083610935617;68,72037914691943;87,20379146919431;34,12322274881517;81,04265402843602;92,41706161137441;False
DMF;anchored_formula;AnchorLasso;841;211;0,9743087285434509;1,3084849753745516;67,29857819905213;87,20379146919431;35,07109004739337;81,04265402843602;92,41706161137441;False
DMF;anchored_formula;AnchorElasticNet;841;211;0,9745242013466852;1,309736702002687;68,24644549763033;88,15165876777252;35,07109004739337;81,04265402843602;92,41706161137441;False
DMF;anchored_formula;AnchorExtraTrees;841;211;2,4555438981042643;2,6137567090637557;5,687203791469194;28,436018957345972;2,843601895734597;15,165876777251185;54,02843601895735;False
DMF;anchored_formula;AnchorRandomForest;841;211;2,4885647709320686;2,649639724846497;5,687203791469194;28,436018957345972;1,8957345971563981;13,744075829383887;48,34123222748815;False
DMF;anchored_formula;AnchorHistGradient;841;211;3,082323149059307;3,221163572663029;2,3696682464454977;11,374407582938389;0,9478672985781991;5,213270142180095;24,170616113744074;False
DMF;anchored_formula;AnchorGradientBoosting;841;211;2,627875674119931;2,7710422297620947;3,7914691943127963;22,748815165876778;0,9478672985781991;9,47867298578199;41,70616113744076;False
CMF;anchored_formula;AnchorCurve;1228;308;1,7189326298701295;2,0766051223602093;34,74025974025974;61,68831168831169;13,96103896103896;47,4025974025974;75,97402597402598;False
CMF;anchored_formula;AnchorLinearRegression;1228;308;0,7492192530125352;0,9533047409972131;75,0;96,1038961038961;41,23376623376623;89,6103896103896;98,7012987012987;True
CMF;anchored_formula;AnchorRidge;1228;308;0,7500442942559865;0,9573283552354641;74,02597402597402;96,42857142857143;40,909090909090914;89,6103896103896;98,7012987012987;False
CMF;anchored_formula;AnchorLasso;1228;308;0,7572091723236283;0,9688378729364638;72,40259740259741;96,1038961038961;38,961038961038966;88,63636363636364;98,7012987012987;False
CMF;anchored_formula;AnchorElasticNet;1228;308;0,7527121489764387;0,9592861320024885;74,67532467532467;96,1038961038961;39,935064935064936;89,6103896103896;98,7012987012987;False
CMF;anchored_formula;AnchorExtraTrees;1228;308;2,8045521915584426;2,9120474617492973;1,6233766233766231;14,285714285714285;0,6493506493506493;4,870129870129871;31,16883116883117;False
CMF;anchored_formula;AnchorRandomForest;1228;308;4,414903318903308;4,488259151846242;0,0;0,974025974025974;0,0;0,0;1,6233766233766231;False
CMF;anchored_formula;AnchorHistGradient;1228;308;4,447445558797702;4,512356098839756;0,0;0,3246753246753247;0,0;0,0;0,974025974025974;False
CMF;anchored_formula;AnchorGradientBoosting;1228;308;4,342917126910172;4,411560443581768;0,0;0,974025974025974;0,0;0,0;1,6233766233766231;False
LMF;anchored_formula;AnchorCurve;270;68;1,1301470588235292;1,4627698186247247;50,0;88,23529411764706;27,941176470588236;73,52941176470588;94,11764705882352;False
LMF;anchored_formula;AnchorLinearRegression;270;68;0,6183024844474455;0,8047893245876885;83,82352941176471;97,05882352941177;52,94117647058824;91,17647058823529;100,0;False
LMF;anchored_formula;AnchorRidge;270;68;0,6273185483247176;0,8100856316138693;83,82352941176471;97,05882352941177;45,588235294117645;91,17647058823529;100,0;False
LMF;anchored_formula;AnchorLasso;270;68;0,6174591720472287;0,8029409935807044;83,82352941176471;97,05882352941177;48,529411764705884;92,64705882352942;100,0;True
LMF;anchored_formula;AnchorElasticNet;270;68;0,619123433829358;0,8060169287241615;85,29411764705883;97,05882352941177;48,529411764705884;91,17647058823529;100,0;False
LMF;anchored_formula;AnchorExtraTrees;270;68;1,345829779411765;1,5404645260595244;29,411764705882355;80,88235294117648;16,176470588235293;69,11764705882352;92,64705882352942;False
LMF;anchored_formula;AnchorRandomForest;270;68;1,1397546977124187;1,3787278318363825;45,588235294117645;85,29411764705883;20,588235294117645;73,52941176470588;94,11764705882352;False
LMF;anchored_formula;AnchorHistGradient;270;68;1,3826590198845818;1,5693969156749237;29,411764705882355;83,82352941176471;13,23529411764706;69,11764705882352;91,17647058823529;False
LMF;anchored_formula;AnchorGradientBoosting;270;68;0,757728848050679;0,9935439154254376;75,0;95,58823529411765;47,05882352941176;82,35294117647058;98,52941176470588;False
RMF;anchored_formula;AnchorCurve;311;78;1,3081730769230773;1,6137520606155786;46,15384615384615;82,05128205128204;21,794871794871796;58,97435897435898;89,74358974358975;False
RMF;anchored_formula;AnchorLinearRegression;311;78;0,7602040332466096;0,9646073924287117;70,51282051282051;94,87179487179486;38,46153846153847;87,17948717948718;100,0;False
RMF;anchored_formula;AnchorRidge;311;78;0,7760075387472187;0,9808918292408283;69,23076923076923;94,87179487179486;38,46153846153847;87,17948717948718;100,0;False
RMF;anchored_formula;AnchorLasso;311;78;0,7767711338834957;0,9804451080987658;67,94871794871796;96,15384615384616;41,02564102564102;85,8974358974359;100,0;False
RMF;anchored_formula;AnchorElasticNet;311;78;0,7705276962920056;0,9748618979944654;69,23076923076923;94,87179487179486;41,02564102564102;87,17948717948718;100,0;True
RMF;anchored_formula;AnchorExtraTrees;311;78;1,4891105769230772;1,6879340953806699;26,923076923076923;75,64102564102564;15,384615384615385;46,15384615384615;85,8974358974359;False
RMF;anchored_formula;AnchorRandomForest;311;78;1,564401175213676;1,7689749217858886;29,48717948717949;64,1025641025641;15,384615384615385;46,15384615384615;84,61538461538461;False
RMF;anchored_formula;AnchorHistGradient;311;78;2,5071937237151087;2,667525863523646;5,128205128205128;28,205128205128204;2,564102564102564;14,102564102564102;46,15384615384615;False
RMF;anchored_formula;AnchorGradientBoosting;311;78;3,292879468275994;3,3995612197917997;1,282051282051282;5,128205128205128;0,0;1,282051282051282;16,666666666666664;False
AMF;anchored_formula;AnchorCurve;744;186;1,503797043010753;1,9600077383371215;41,39784946236559;74,19354838709677;21,50537634408602;61,29032258064516;80,10752688172043;False
AMF;anchored_formula;AnchorLinearRegression;744;186;0,7406572074796895;0,9536826616613127;72,04301075268818;95,16129032258065;46,236559139784944;88,17204301075269;98,38709677419355;False
AMF;anchored_formula;AnchorRidge;744;186;0,7399935247603956;0,951949364071916;72,04301075268818;95,16129032258065;45,69892473118279;88,70967741935483;98,38709677419355;False
AMF;anchored_formula;AnchorLasso;744;186;0,7395132161979074;0,9545593032817271;72,58064516129032;95,16129032258065;44,086021505376344;88,70967741935483;98,38709677419355;False
AMF;anchored_formula;AnchorElasticNet;744;186;0,7396505624289051;0,9533496752563542;72,58064516129032;95,16129032258065;45,69892473118279;88,70967741935483;98,38709677419355;True
AMF;anchored_formula;AnchorExtraTrees;744;186;2,1863203629032304;2,2629076646434645;1,6129032258064515;34,40860215053764;0,0;11,29032258064516;74,19354838709677;False
AMF;anchored_formula;AnchorRandomForest;744;186;2,3372675975706914;2,4169032896062252;1,6129032258064515;29,56989247311828;0,5376344086021506;8,064516129032258;61,29032258064516;False
AMF;anchored_formula;AnchorHistGradient;744;186;2,6618362917013245;2,7279371287449306;0,5376344086021506;14,516129032258066;0,0;2,1505376344086025;38,70967741935484;False
AMF;anchored_formula;AnchorGradientBoosting;744;186;2,4517672473505727;2,5174421138401475;0,5376344086021506;21,50537634408602;0,0;3,225806451612903;52,68817204301075;False
LWF;anchored_formula;AnchorCurve;412;104;1,8450721153846152;2,284818073678448;34,61538461538461;59,61538461538461;16,346153846153847;50,96153846153846;72,11538461538461;False
LWF;anchored_formula;AnchorLinearRegression;412;104;0,8736173784812741;1,041396693568968;62,5;96,15384615384616;26,923076923076923;85,57692307692307;98,07692307692307;False
LWF;anchored_formula;AnchorRidge;412;104;0,8878520014663743;1,0552929172688357;65,38461538461539;96,15384615384616;26,923076923076923;85,57692307692307;98,07692307692307;False
LWF;anchored_formula;AnchorLasso;412;104;0,8810397304687184;1,0515733977431778;61,53846153846154;96,15384615384616;27,884615384615387;85,57692307692307;98,07692307692307;True
LWF;anchored_formula;AnchorElasticNet;412;104;0,8777248195220267;1,0463990782367685;61,53846153846154;96,15384615384616;26,923076923076923;84,61538461538461;98,07692307692307;False
LWF;anchored_formula;AnchorExtraTrees;412;104;1,8755387019230707;2,079387140576185;18,269230769230766;47,11538461538461;5,769230769230769;31,73076923076923;77,88461538461539;False
LWF;anchored_formula;AnchorRandomForest;412;104;1,66256223290598;1,8913867222350211;27,884615384615387;66,34615384615384;8,653846153846153;42,30769230769231;83,65384615384616;False
LWF;anchored_formula;AnchorHistGradient;412;104;1,8615910283486186;2,0772287216685594;24,03846153846154;50,96153846153846;6,730769230769231;34,61538461538461;75,0;False
LWF;anchored_formula;AnchorGradientBoosting;412;104;2,062713038316732;2,252043157420079;15,384615384615385;48,07692307692308;4,807692307692308;25,0;71,15384615384616;False
RWF;anchored_formula;AnchorCurve;432;108;1,7840856481481475;2,28184170725482;34,25925925925926;65,74074074074075;17,59259259259259;53,70370370370371;75,92592592592592;False
RWF;anchored_formula;AnchorLinearRegression;432;108;0,8767445882984815;1,1009527163391681;64,81481481481481;95,37037037037037;31,48148148148148;83,33333333333334;98,14814814814815;False
RWF;anchored_formula;AnchorRidge;432;108;0,8864546306410808;1,11634871689698;67,5925925925926;94,44444444444444;29,629629629629626;83,33333333333334;98,14814814814815;False
RWF;anchored_formula;AnchorLasso;432;108;0,8853341668791415;1,1165351509339092;68,51851851851852;95,37037037037037;30,555555555555557;84,25925925925925;98,14814814814815;False
RWF;anchored_formula;AnchorElasticNet;432;108;0,8808903752773433;1,1074210970180283;66,66666666666666;94,44444444444444;32,407407407407405;84,25925925925925;98,14814814814815;True
RWF;anchored_formula;AnchorExtraTrees;432;108;2,3607693287037;2,578846799706333;12,037037037037036;37,96296296296296;2,7777777777777777;23,14814814814815;59,25925925925925;False
RWF;anchored_formula;AnchorRandomForest;432;108;2,3431920990103845;2,5640480416094564;12,037037037037036;37,96296296296296;1,8518518518518516;24,074074074074073;56,481481481481474;False
RWF;anchored_formula;AnchorHistGradient;432;108;2,3069928741663537;2,491187990455443;9,25925925925926;39,81481481481482;2,7777777777777777;20,37037037037037;55,55555555555556;False
RWF;anchored_formula;AnchorGradientBoosting;432;108;3,6653571225307067;3,7929349079309174;0,9259259259259258;5,555555555555555;0,9259259259259258;0,9259259259259258;13,88888888888889;False
SS;anchored_formula;AnchorCurve;255;64;1,0013671874999996;1,4063094605484685;60,9375;85,9375;39,0625;81,25;92,1875;False
SS;anchored_formula;AnchorLinearRegression;255;64;0,7557765066157617;0,9751936392993917;71,875;92,1875;42,1875;85,9375;100,0;False
SS;anchored_formula;AnchorRidge;255;64;0,7612436083876719;0,9794682945616413;70,3125;92,1875;43,75;85,9375;100,0;True
SS;anchored_formula;AnchorLasso;255;64;0,7565515174434508;0,9684329070129667;71,875;93,75;40,625;85,9375;100,0;False
SS;anchored_formula;AnchorElasticNet;255;64;0,7610799699066677;0,9750894796770556;68,75;93,75;40,625;85,9375;100,0;False
SS;anchored_formula;AnchorExtraTrees;255;64;1,7658722656249997;1,9385411390572507;12,5;68,75;4,6875;37,5;85,9375;False
SS;anchored_formula;AnchorRandomForest;255;64;1,4806076388888894;1,681835762768122;25,0;79,6875;7,8125;51,5625;90,625;False
SS;anchored_formula;AnchorHistGradient;255;64;1,5301824625699005;1,7168578367201104;29,6875;71,875;9,375;48,4375;89,0625;False
SS;anchored_formula;AnchorGradientBoosting;255;64;1,908805328291689;2,081117169074007;10,9375;60,9375;3,125;31,25;79,6875;False
CF;anchored_formula;AnchorCurve;1362;341;1,435208944281525;1,8680853990385913;46,9208211143695;73,90029325513197;22,58064516129032;61,58357771260997;82,69794721407625;False
CF;anchored_formula;AnchorLinearRegression;1362;341;0,6382387953111053;0,8203786811898601;77,41935483870968;98,24046920821115;51,02639296187683;92,37536656891496;100,0;True
CF;anchored_formula;AnchorRidge;1362;341;0,6380349269157202;0,8229904607509889;78,2991202346041;98,82697947214076;52,49266862170088;90,6158357771261;100,0;False
CF;anchored_formula;AnchorLasso;1362;341;0,6414575434978853;0,8277878546513646;77,41935483870968;98,82697947214076;51,02639296187683;90,02932551319648;99,70674486803519;False
CF;anchored_formula;AnchorElasticNet;1362;341;0,6373473944372707;0,8208870197700854;78,59237536656892;98,24046920821115;50,43988269794721;91,20234604105572;100,0;False
CF;anchored_formula;AnchorExtraTrees;1362;341;3,0801846407624636;3,1586906655883116;0,5865102639296188;7,038123167155426;0,0;2,346041055718475;17,302052785923756;False
CF;anchored_formula;AnchorRandomForest;1362;341;2,798274356467905;2,8927632139461186;1,466275659824047;11,436950146627565;0,2932551319648094;4,9853372434017595;29,91202346041056;False
CF;anchored_formula;AnchorHistGradient;1362;341;2,993643444332965;3,068331257420773;0,5865102639296188;6,451612903225806;0,0;2,346041055718475;20,234604105571847;False
CF;anchored_formula;AnchorGradientBoosting;1362;341;3,0642081523894844;3,13651088198048;0,2932551319648094;6,158357771260997;0,0;2,346041055718475;16,129032258064516;False
